날짜,경상수지,원/미국달러(매매기준율),원/일본엔(100엔),원/유로,외환보유액,생산자물가지수(기본분류),소비자물가지수,수출물가지수(기본분류),수입물가지수(기본분류),주택매매가격지수(KB),주택전세가격지수(KB),전산업경기실사지수,제조업경기실사지수,비제조업경기실사지수,국고채(3년),국고채(10년),"회사채(3년,AA-)",한국은행기준금리,미국(DowJones),미국(NASDAQ),EuroSTOXX,독일(DAX),일본(NIKKEI),싱가포르(STI),홍콩(항셍),중국(SHCOMP),뉴스심리지수,원화자금이체,선행종합지수1),동행종합지수2),8.1.3.설비투자지수,한국소비자물가지수,중국소비자물가지수,독일소비자물가지수,일본소비자물가지수,미국소비자물가지수,WTI(현물),대두(선물),금(현물),니켈(현물),아연(현물),옥수수(선물),소맥(선물),동(현물),알루미늄(현물),원면(선물),KORIBOR(3M),T/Bill(6M),T/Note(5년),T/Note(10년),T/Bond(30년),독일정부채(10년),영국정부채(10년),일본정부채(10년),U$LIBOR(3M),EURIBOR(3M),￡LIBOR(3M),한국실업률,일본실업률,미국실업률,한국생산지수,일본생산지수,미국생산지수,한국(KOSPI)
1,2302.7,1038.23,1005.69,1363.74,199699277,85.78,73.594,117.16,83.16,51.567,49.086,71,76,66,3.65,4.42,4.11,3.25,10489.94,2062.41,2984.59,4254.85,11387.59,2018.02,13721.69,1191.82,106.39,2477643,57.2,61.4,62.1,85.21,86.12,91.41,100.5,87.45,48.2,514.75,422.6,14567,1292,197,291,3270,1868.5,43.76,3.51,2.722,3.694,4.128,4.585,3.55,4.61,1.33,2.75,2.142,4.868,3.8,4.5,5.3,65.7,108.5,95,932.7
2,1819.9,1022.43,974.84,1333.91,202162426,85.95,73.892,115.76,83.11,51.732,49.185,76,80,74,4.19,4.88,4.63,3.25,10766.23,2051.72,3058.32,4350.49,11740.6,2033.93,14195.35,1306,110.62,2066605,57.5,61.4,58.9,85.55,87.67,91.81,100.19,87.96,51.75,615.5,435.65,16425,1374.25,214.5,337.25,3375,1927,50.3,3.54,2.972,4.011,4.377,4.719,3.72,4.74,1.475,2.92,2.136,4.956,3.7,4.6,5.4,63.6,108.5,95.7,1011.36
3,1735.9,1007.49,957.14,1328.62,205447299,86.03,74.338,114.15,84.42,51.93,49.404,83,85,81,4.04,4.77,4.48,3.25,10503.76,1999.23,3055.73,4348.77,11668.95,2056.57,13516.88,1181.24,103.98,2512936,57.9,61.8,70.3,86.07,86.88,92.21,100.5,88.65,55.4,627.5,428.35,16325,1352.75,213,331,3453,1982.5,53.03,3.53,3.12,4.165,4.481,4.755,3.62,4.7,1.33,3.12,2.147,4.983,3.7,4.5,5.2,65.4,108.8,95.6,965.68
4,877.4,1010.94,942.59,1308.75,206376404,86.27,74.413,113.39,85.47,52.229,49.582,84,88,81,3.86,4.69,4.28,3.25,10192.51,1921.65,2930.1,4184.84,11008.9,2043.91,13908.97,1159.15,100.87,2218395,58.1,61.9,64.7,86.15,86.62,92.01,100.6,89.24,49.72,619.25,434.39,16590,1286,204.75,318,3353,1819.25,58,3.49,3.171,3.895,4.198,4.513,3.4,4.53,1.244,3.21,2.126,4.939,3.7,4.5,5.2,64.3,109.2,95.8,911.3
5,440.4,1002.21,939.38,1271.83,206100363,85.71,74.338,109.92,83.57,52.512,49.638,80,83,78,3.71,4.42,4.12,3.25,10467.48,2068.22,3076.7,4460.63,11276.59,2081.82,13867.07,1060.74,101.94,2257815.4,58.1,62.1,66.9,86.07,86.44,92.21,100.71,89.15,51.97,680.25,417.25,17050,1279.5,222,331.75,3217,1730.75,48.64,3.52,3.108,3.735,3.981,4.32,3.27,4.32,1.249,3.338,2.127,4.867,3.7,4.5,5.1,63.9,108.4,95.9,970.21
6,882.9,1010.87,930.05,1229.06,204985923,85.32,74.114,110.35,84.8,52.94,49.721,78,82,76,3.79,4.46,4.18,3.25,10274.97,2056.96,3181.54,4586.28,11584.01,2161.29,14201.06,1080.94,102.04,2388332.3,58.1,62.3,71.1,85.81,85.75,92.31,100.29,89.2,56.5,651.75,435.5,14730,1211.5,212.25,321.5,3540,1703,52,3.53,3.329,3.698,3.913,4.191,3.13,4.17,1.174,3.516,2.106,4.75,3.8,4.3,5,64.5,108.8,96.3,1008.16
7,877.6,1037.44,927.21,1249.5,205684605,85.84,74.413,112.89,87.05,53.379,49.775,76,77,76,4.12,4.89,4.52,3.25,10640.91,2184.83,3326.51,4886.5,11899.6,2288.43,14880.98,1083.03,108.8,2543300.2,58.4,62.5,70,86.15,85.75,92.71,100.19,89.61,60.57,671.75,429.8,14475,1243.75,236.5,327.75,3743,1836.5,50.99,3.51,3.674,4.121,4.276,4.471,3.24,4.32,1.313,3.7,2.125,4.619,3.7,4.4,5,65.2,108.1,96,1111.29
8,1312.6,1021.17,921.82,1254.49,206712212,86.08,74.636,111.64,87.88,53.573,49.874,76,80,72,4.33,5.08,4.75,3.25,10481.6,2152.09,3263.78,4829.69,12413.6,2220.25,14903.55,1162.8,97.81,2656379,58.7,62.8,63.4,86.41,85.92,92.81,100.29,90.07,68.94,586.75,435.2,15020,1348.75,201.5,301.5,3849,1835.25,48.15,3.51,3.707,3.859,4.014,4.254,3.1,4.16,1.349,3.87,2.134,4.589,3.7,4.3,4.9,66.2,108.1,96.3,1083.33
9,-168.2,1029.33,927.11,1262.1,206731180,86.46,75.008,112.68,89.18,53.702,50.277,79,81,78,4.52,5.15,4.92,3.25,10568.7,2151.69,3428.51,5044.12,13574.3,2226.77,15428.52,1155.61,109.38,2600637.1,59,63,61.3,86.84,86.53,92.91,100.6,91.17,66.24,573.25,469.3,13525,1413.75,205.5,346.25,3916,1835.75,51.5,3.87,3.916,4.189,4.324,4.567,3.15,4.29,1.484,4.065,2.176,4.6,4,4.2,5,66.4,109,94.4,1221.01
10,435.6,1046.25,910.85,1257.99,207307269,86.69,74.859,113.37,88.68,53.685,50.619,82,86,79,4.81,5.36,5.2,3.5,10440.07,2120.3,3320.15,4929.07,13606.5,2143.37,14386.37,1092.82,105.65,2621774.7,59.3,63.3,66.6,86.67,86.87,93.01,100.6,91.35,59.76,564.75,465.18,11945,1537,196.25,317,4076,1992,51.87,3.9,4.211,4.441,4.551,4.754,3.39,4.34,1.554,4.26,2.263,4.607,3.9,4.4,5,67.9,108,95.6,1158.11
11,63.5,1041.43,880.09,1229.01,208230252,86.44,74.561,110.59,86.7,53.682,50.738,83,88,79,5.1,5.68,5.5,3.5,10805.87,2232.82,3447.07,5193.4,14872.15,2224.59,14937.14,1099.26,117.05,2861358.8,59.6,63.8,68.7,86.32,86.61,92.71,100.19,90.62,57.32,558,493.08,12776,1706,187.5,304,4411,2166.5,49.19,3.95,4.298,4.411,4.484,4.693,3.46,4.23,1.44,4.42,2.473,4.618,3.6,4.5,5,70.5,110.2,96.6,1297.44
12,1627.1,1024.15,863.89,1214.04,210390703,86.19,74.785,108.28,85.82,53.785,50.818,87,87,88,5.06,5.6,5.49,3.75,10717.5,2205.32,3578.93,5408.26,16111.43,2280.77,14876.43,1161.06,115.34,2961058.6,60,64.2,75.6,86.58,86.96,93.41,100.29,90.25,61.04,602,517,13372,1900.5,215.75,339.25,4542,2280.25,54.19,4.12,4.369,4.35,4.391,4.535,3.31,4.1,1.48,4.536,2.488,4.639,3.5,4.4,4.9,68.7,110.6,97.1,1379.37
13,1044.2,987.03,854.32,1194.81,216932905,86.49,75.231,105.64,85.02,53.964,51.002,87,87,87,5.02,5.58,5.5,3.75,10864.86,2305.82,3691.41,5674.15,16649.82,2348.89,15753.14,1258.05,112.09,2696470.5,60.4,64.7,66.1,87.1,88.09,93.11,100.4,90.94,67.92,594.25,568.9,15092,2289,218.75,343.25,4927,2493,55.72,4.2,4.573,4.452,4.515,4.677,3.47,4.15,1.57,4.68,2.547,4.598,3.4,4.4,4.7,71.8,111,97.3,1399.83
14,-1591.5,970.22,822.41,1159.69,215949925,86.53,75.381,103.54,84.06,54.208,51.222,82,81,84,4.87,5.28,5.33,4,10993.41,2281.39,3774.51,5796.04,16205.43,2416.92,15918.48,1299.03,100.82,2558698,60.6,64.8,67.9,87.27,88.53,93.51,100.09,91.12,61.41,580.25,561.55,14831,2339.5,228,370.25,4886,2390.5,56,4.26,4.732,4.599,4.551,4.508,3.49,4.19,1.595,4.823,2.664,4.579,3.5,4.1,4.8,70.7,110.8,97.3,1371.59
15,-661.3,975.09,831.26,1172.83,217344329,86.42,75.827,103.51,84.4,54.556,51.606,85,90,82,4.93,5.42,5.3,4,11109.32,2339.79,3853.74,5970.08,17059.66,2465.83,15805.04,1298.3,99.82,2864499.4,60.7,65.1,82,87.79,87.73,93.51,100.29,91.63,66.63,571.5,583.65,15153,2650.5,236,347.75,5438,2443.75,52.65,4.27,4.804,4.81,4.847,4.89,3.77,4.4,1.78,5,2.816,4.612,3.5,4.1,4.7,71.1,111.5,97.5,1359.6
16,-794.8,954.44,814.84,1169.88,222890019,86.58,75.902,102.3,85.64,55.038,51.897,87,88,87,4.95,5.45,5.24,4,11367.14,2322.57,3839.9,6009.89,16906.23,2548.35,16661.3,1440.22,98.84,2591206.5,60.7,65.3,75.9,87.88,87.91,93.81,100.5,92.41,71.88,587.25,654.42,19365,3202,238.25,346.25,7130,2736,49.9,4.37,4.9,4.911,5.05,5.162,3.95,4.64,1.93,5.13,2.852,4.665,3.4,4.1,4.7,70.4,113.6,97.8,1419.73
17,-164,941.4,843.01,1201.65,224689153,86.88,76.05,101.99,87.22,55.6,52.082,83,83,83,4.78,5.2,5.05,4,11168.31,2178.88,3637.17,5692.86,15467.33,2338.05,15857.89,1641.3,93.12,2659760.2,60.9,65.7,78.2,88.05,87.82,93.81,100.81,92.87,71.29,579.5,645.2,22595,3727,251.25,393.5,8009,2615,50.94,4.36,5.062,5.032,5.119,5.228,3.98,4.59,1.84,5.238,2.926,4.711,3.4,4.1,4.6,71.2,111.8,97.8,1317.7
18,2103,955.16,833.02,1208.68,224357276,86.72,75.902,103.5,88.02,55.866,52.141,82,83,81,4.89,5.25,5.17,4.25,11150.22,2172.09,3648.92,5683.31,15505.18,2398.37,16267.62,1672.21,90.33,2780687.5,60.8,65.7,74.6,87.88,87.38,94.01,100.81,93.05,73.93,594.75,615.85,22325,3239,235.5,371.5,7423,2590.5,49.75,4.58,5.23,5.093,5.136,5.186,4.07,4.71,1.93,5.481,3.056,4.754,3.5,4.2,4.6,70.5,113.4,98.2,1295.15
19,-833.4,950.15,821.39,1206.22,225715888,86.99,76.199,103.51,89.25,55.986,52.171,77,76,77,4.89,5.16,5.18,4.25,11185.68,2091.47,3691.87,5681.97,15456.81,2401.78,16971.34,1612.73,88.26,2439656.6,60.7,65.4,71,88.22,87.12,94.41,100.5,93.32,74.4,579.5,636.74,27175,3414,239,397.5,8022,2526.25,53.45,4.63,5.144,4.896,4.979,5.065,3.92,4.61,1.929,5.466,3.161,4.777,3.5,4.1,4.7,67.2,113.8,98.1,1297.82
20,-892.6,960.72,829.71,1230.6,227024881,87.55,76.645,105.57,90.88,56.121,52.273,72,71,73,4.77,4.94,5.1,4.5,11381.15,2183.75,3808.7,5859.57,16140.76,2452.51,17392.27,1658.64,92.33,2633197.8,60.7,65.6,75.9,88.74,87.38,94.21,101.23,93.51,70.26,542.25,627.3,32300,3429,232,404,7719,2461.75,53.05,4.69,5.104,4.689,4.726,4.877,3.76,4.52,1.63,5.398,3.264,4.983,3.5,4.1,4.7,72.8,114.1,98.5,1352.74
21,996.1,953.68,814.28,1214.86,228224315,87.84,76.868,104.85,87.72,56.392,52.714,81,83,79,4.69,4.89,5.02,4.5,11679.07,2258.43,3899.41,6004.33,16127.58,2523.04,17543.05,1752.42,101.61,2613272.9,61.1,66,75.9,89,87.82,93.91,101.23,93.05,62.91,547.5,598.3,31300,3325,262.5,443,7568,2552.5,49.3,4.62,4.996,4.578,4.628,4.762,3.71,4.52,1.675,5.37,3.417,5.074,3.5,4.1,4.5,74.4,114,98.4,1371.41
22,811,954.23,803.15,1202.44,229461022,87.03,76.496,103.66,86.63,57.151,53.264,84,85,82,4.62,4.79,4.93,4.5,12080.73,2366.71,4004.8,6268.92,16399.39,2646.35,18324.35,1837.99,98.4,2495318.2,61.5,66.9,73.6,88.57,87.9,94.01,101.02,92.55,58.73,630.25,606.6,32450,4248,320.75,483,7373,2800,49.28,4.6,5.105,4.561,4.598,4.715,3.74,4.51,1.72,5.371,3.564,5.193,3.6,4.1,4.4,76,114.4,98.3,1364.55
23,2637.4,936.22,798.03,1205.32,234256939,86.61,76.125,101.2,85.26,58.925,53.804,83,83,83,4.72,4.91,5.05,4.5,12221.93,2431.77,3987.23,6309.19,16274.33,2769.39,18960.48,2099.29,99.21,2862333,61.9,67.3,78.6,88.14,88.17,94.01,100.5,92.41,63.13,685.5,648,34675,4442,377,502,7044,2717.5,48.9,4.65,5.083,4.444,4.458,4.562,3.7,4.51,1.655,5.37,3.636,5.25,3.5,4,4.5,75.6,115.5,98.2,1432.21
24,-559.7,925.75,790.23,1222.79,238956116,86.53,76.348,100.11,85.32,60.024,54.11,84,83,85,4.82,4.95,5.18,4.5,12463.15,2415.29,4119.94,6596.92,17225.83,2918.63,19964.72,2675.47,98.22,2734038.1,62,67.6,81.5,88.39,89.4,94.71,100.6,92.55,61.05,683.5,636.7,34025,4290,390.25,501,6308,2831,56.19,4.84,5.08,4.692,4.702,4.81,3.95,4.74,1.685,5.36,3.725,5.32,3.4,4,4.4,72.5,115.6,99.2,1434.46
25,1028.7,936.36,777.94,1216.97,240228757,86.54,76.496,99.64,83.84,60.548,54.343,79,80,79,4.97,5.04,5.32,4.5,12621.69,2463.93,4178.54,6789.11,17383.42,3044.22,20106.42,2786.34,91.76,2762568.2,62.1,67.8,77.1,88.57,90.03,94.71,100.4,92.83,58.14,719.5,653.2,39575,3508,404,467.5,5696,2822.5,54,4.96,5.137,4.8,4.808,4.907,4.1,4.98,1.704,5.36,3.782,5.59,3.4,4,4.6,74.5,114.4,98.9,1360.23
26,1597.6,937.02,776.82,1225.14,242812021,86.59,77.017,99.19,85.38,60.768,54.505,81,80,82,4.91,5.01,5.28,4.5,12268.63,2416.15,4087.12,6715.44,17604.12,3034.42,19651.51,2881.07,96.38,2564254.6,62.4,68,76.1,89.17,90.93,95.11,99.88,93.32,61.79,773.25,669.35,44695,3486,425.25,474.5,5976,2860,55.55,4.94,5.108,4.519,4.566,4.681,3.96,4.8,1.636,5.348,3.848,5.53,3.1,4,4.5,74.1,115.1,99.8,1417.34
27,137.5,943.26,804.82,1249.37,243915438,86.96,77.464,100.05,88.16,60.88,54.727,85,84,85,4.79,4.94,5.2,4.5,12354.35,2421.64,4181.03,6917.03,17287.65,3160.93,19800.93,3183.98,97.47,3028756.8,62.5,68.3,87.5,89.69,90.65,95.31,100.19,94.17,65.87,761.25,663.79,46825,3255,374.5,438,6916,2769,53.57,4.94,5.063,4.532,4.644,4.843,4.06,4.97,1.659,5.35,3.924,5.617,3.2,4,4.4,73.6,115.1,100,1452.55
28,655.6,931.5,783.65,1257.65,247259663,87.57,77.761,100.39,89.2,60.959,54.921,87,87,88,4.94,5.07,5.34,4.5,13062.91,2525.09,4392.34,7408.87,17400.41,3285.74,20318.98,3841.27,106.32,3054065.8,62.8,68.6,86,90.03,90.56,95.81,100.5,94.79,65.71,728.5,678.45,49825,3750,358,485.5,7821,2836,47.25,4.99,4.987,4.511,4.622,4.813,4.15,5.04,1.66,5.355,4.017,5.726,3.3,3.8,4.5,74.9,114.8,100.7,1542.24
29,-1617.2,927.91,768.53,1254.11,250741103,88.06,77.836,100.53,89.65,60.979,54.954,88,89,87,5.1,5.22,5.49,4.5,13627.64,2604.52,4512.65,7883.04,17875.75,3441.3,20634.47,4109.65,107.11,2798622,63,68.8,82.5,90.12,90.84,95.81,100.81,95.37,64.01,806.25,660.5,48850,3697,390.25,517,7465,2752.2,51.05,5.05,4.947,4.846,4.888,5.01,4.42,5.26,1.753,5.36,4.122,5.811,3.3,3.8,4.4,75.3,116.1,100.7,1700.91
30,1387.1,928.32,757.05,1244.93,250701619,88.24,77.836,100.66,89.39,61.062,54.962,88,88,88,5.24,5.48,5.64,4.5,13408.62,2603.23,4489.77,8007.32,18138.36,3475.89,21772.73,3820.7,107.64,2804795.8,63.4,69,81.7,90.12,91.2,95.81,100.6,95.55,70.68,850,649.65,36315,3338.5,329.5,582,7678,2675.75,58.5,5.02,4.935,4.921,5.024,5.124,4.57,5.46,1.879,5.36,4.175,6.004,3.3,3.7,4.6,75.1,116.1,100.8,1743.6
31,2172.6,918.85,755.57,1260.03,254838621,88.35,78.134,100.79,89.37,61.221,55.013,87,88,87,5.35,5.52,5.75,4.75,13211.99,2545.57,4315.69,7584.14,17248.89,3481.02,23184.94,4471.03,111.95,3276989.8,63.8,69.3,75.6,90.46,92.02,96.31,100.5,95.53,78.21,834,664.3,31485,3587,325.75,630,8162,2691.25,63,5.08,4.969,4.561,4.739,4.902,4.35,5.21,1.8,5.359,4.26,6.043,3.3,3.6,4.7,76.1,116.2,100.6,1933.27
32,3112.6,933.8,799.84,1272.4,255301804,88.3,78.208,101.97,90.22,61.336,55.081,85,86,84,5.28,5.42,5.7,5,13357.74,2596.36,4294.56,7638.17,16569.09,3328.43,23984.14,5218.83,97.83,3314541.1,64.1,69.6,78.2,90.55,93.12,96.21,101.02,95.35,74.04,868,673.4,29550,3115,324,767,7536,2487.25,58.87,5.28,4.201,4.244,4.529,4.822,4.24,5.04,1.613,5.621,4.735,6.693,3.3,3.7,4.6,79.2,119.1,100.8,1873.24
33,2496.5,932.41,810.55,1291.19,257293573,88.72,78.655,102.11,92.3,61.498,55.247,87,87,86,5.39,5.52,5.85,5,13895.63,2701.5,4381.71,7861.51,16785.69,3645.41,27142.47,5552.3,103.74,2745926.1,64.3,69.7,68.8,91.06,93.4,96.41,101.02,95.61,81.66,991.25,743.6,30235,3063,373,939,8087,2465.5,62.05,5.34,4.075,4.243,4.587,4.836,4.33,5.01,1.685,5.229,4.792,6.304,3.2,3.9,4.7,78.3,117.4,101,1946.48
34,-853.7,915.86,790.74,1303.27,260138379,88.9,78.803,101.06,93.16,61.656,55.376,87,88,87,5.42,5.56,5.98,5,13930.01,2859.12,4489.79,8019.22,16737.63,3763.57,31352.58,5954.77,108.12,3589970.3,64.4,70.1,78.2,91.24,93.68,96.61,101.33,95.82,94.53,1010,796.59,31690,2806.5,375.5,808,7730,2492.75,64.08,5.34,4.066,4.169,4.471,4.746,4.24,4.93,1.61,4.894,4.603,6.279,3.3,4,4.7,81.8,118.9,100.7,2064.85
35,1214.9,916.98,826.2,1345.6,261927965,89.27,78.803,102.98,96.94,61.823,55.454,88,90,86,5.54,5.61,6.16,5,13371.72,2660.96,4394.95,7870.52,15680.67,3496.4,28643.61,4871.78,97.23,3637599.8,64.6,70.4,83.4,91.24,94.34,97.11,101.12,96.39,88.71,1080,783.75,26750,2586,384.5,867,6961,2448.25,58.2,5.53,3.348,3.382,3.938,4.379,4.13,4.64,1.478,5.131,4.81,6.606,3.3,3.8,4.7,81.6,117.7,101.3,1906
36,-859.8,930.24,828.42,1355.24,262224070,89.63,79.101,103.52,98.59,61.91,55.491,85,86,84,5.89,5.82,6.73,5,13264.82,2652.28,4399.72,8067.32,15307.78,3465.63,27812.65,5261.56,102.99,3248519.6,64.8,70.9,87.7,91.58,95.28,97.71,101.33,96.32,96,1199,833.92,26010,2353.5,455.5,885,6642,2358.25,68.01,5.8,3.389,3.44,4.023,4.452,4.31,4.51,1.51,4.703,4.684,5.994,3.2,3.7,5,80.5,118.4,101.4,1897.13
37,722.4,942.39,872.92,1386.21,261870733,90.13,79.472,105.42,101.59,62.08,55.577,83,85,83,5.44,5.56,6.64,5,12650.36,2389.86,3792.8,6851.75,13592.47,2981.75,23455.74,4383.39,98.54,3596816.3,64.8,71.4,76.9,92.01,96.43,97.41,101.12,96.8,91.75,1274.5,925.99,27180,2494.5,501.25,929.5,7345,2673.5,67.79,5.6,2.054,2.76,3.593,4.322,3.93,4.48,1.452,3.112,4.374,5.58,3,3.9,5,83.5,119.2,101.2,1624.68
38,-2226.7,944.69,880.57,1395.43,262364808,90.97,79.771,106.66,104.35,62.271,55.732,83,83,82,5.06,5.28,6.27,5,12266.39,2271.48,3724.5,6748.13,13603.02,3026.45,24331.67,4348.54,97.88,2881617.8,64.6,71.6,74,92.36,98.93,97.81,100.91,97.08,101.84,1522,974.17,31325,2721,546,1073,8502,3070,79.66,5.19,1.82,2.47,3.51,4.4,3.89,4.47,1.37,3.058,4.384,5.739,2.9,4,4.9,82.1,119.5,100.9,1711.62
39,1417.6,979.86,972.3,1519.51,264245660,92.15,80.515,113.44,112.86,62.746,56.091,81,85,78,5.15,5.36,6.13,5,12262.89,2279.1,3628.06,6534.97,12525.54,3007.36,22849.2,3472.71,88.12,3459325.4,64.6,71.7,87,93.22,98.24,98.31,101.43,97.92,101.58,1197.25,916.88,29495,2295.75,567.25,929,8510,2940.75,69.34,5.34,1.48,2.44,3.41,4.29,3.9,4.35,1.285,2.688,4.727,6.008,3,3.8,5.1,82.9,118.2,100.5,1703.99
40,416.8,986.66,962.35,1555.05,260482546,94.11,80.962,116.19,117.15,63.294,56.415,85,89,82,4.98,5.17,5.91,5,12820.1,2412.8,3825.02,6948.82,13849.99,3147.79,25755.35,3693.11,103.73,3553467.7,64.6,71.7,85.1,93.74,98.34,98.11,101.33,98.52,113.46,1301.75,877.55,28395,2205.5,600.25,787.25,8698,2861.25,68.74,5.33,1.615,3.01,3.728,4.467,4.12,4.67,1.585,2.85,4.857,5.839,3.1,3.9,5,83.2,117.7,99.9,1825.47
41,-1317,1036.73,994.18,1614.55,258198958,96,81.63,124.59,129.66,63.679,56.576,82,87,78,5.28,5.5,6.22,5,12638.32,2522.66,3777.85,7096.79,14338.54,3192.62,24533.12,3433.35,93.06,3313626.5,64.7,71.7,82,94.51,97.95,98.71,102.16,99.35,127.35,1363.5,886.5,21963,1980,599.25,761.5,8062,2888.25,65.74,5.35,2.01,3.42,4.06,4.71,4.41,4.99,1.759,2.681,4.864,5.867,3.2,4,5.4,82.2,118.3,99.3,1852.02
42,-2170.5,1029.27,963.02,1601.73,258097988,97.54,82.151,126,133.15,64.064,56.758,76,79,74,5.7,5.89,6.68,5,11350.01,2292.98,3352.81,6418.32,13481.38,2947.54,22102.01,2736.1,76.31,3501377.1,64.6,71.5,83.2,95.11,97.75,98.91,102.57,100.35,140,1605,925.4,21793,1903.25,724.75,843.5,8693,3065,71.4,5.36,2.15,3.33,3.969,4.52,4.62,5.13,1.601,2.783,4.947,5.946,3.1,4,5.6,81.7,115.2,99,1674.92
43,-1147.8,1019.12,954.22,1606.74,247522666,99.44,82.747,126.13,134.59,64.314,56.882,75,78,73,5.96,6.03,6.99,5,11378.02,2325.55,3367.82,6479.56,13376.81,2929.65,22731.1,2775.72,79.55,4001363.6,64.6,71.5,82.7,95.8,97.85,99.51,102.78,100.88,124.08,1395.75,914.07,18225,1897.25,587.5,783.75,8245,2929.5,71.65,5.66,1.86,3.24,3.946,4.57,4.36,4.81,1.539,2.791,4.968,5.783,3.1,3.9,5.8,81.6,115.2,98.6,1594.67
44,-4327.2,1041.54,953.03,1561.56,243200303,99.16,82.598,124.32,128.67,64.442,56.973,73,76,71,5.77,5.91,7.11,5.25,11543.55,2367.52,3365.63,6422.3,13072.87,2739.95,21261.89,2397.37,75.88,3446264.3,64.6,71.6,78.4,95.63,97.75,99.21,103.09,100.47,115.46,1332,831.15,20165,1792.5,568.25,779.25,7552,2664.25,67.53,5.79,1.94,3.09,3.812,4.42,4.18,4.48,1.415,2.811,4.963,5.753,3.3,4.1,6.1,82.1,111,97,1474.24
45,1096.3,1130.4,1060.6,1627.55,239671786,98.75,82.673,130.05,131.65,64.591,57.184,73,73,73,5.81,5.99,7.46,5.25,10850.66,2082.33,3038.2,5831.02,11259.86,2358.91,18016.21,2293.78,70.51,3921646.1,64.7,71.7,73.7,95.72,97.75,99.11,103.09,100.33,100.64,1045,870.95,15600,1653.5,487.5,680,6388,2376.5,55.5,5.82,1.6,2.98,3.823,4.31,4.02,4.45,1.472,4.053,5.277,6.3,3.2,4,6.1,81,112.4,92.7,1448.06
46,1661.8,1326.92,1327.1,1765.31,212252810,98.49,82.598,140.1,137.05,64.557,57.258,64,67,62,5.09,5.53,7.95,4.25,9325.01,1720.95,2591.76,4987.97,8576.98,1794.2,13968.67,1728.79,60.04,3854588.6,64.7,71.7,76.4,95.63,97.46,98.91,102.99,99.32,67.81,925.25,724.55,11931,1095.5,401.5,536.25,4101,1989,44.29,5.87,0.95,2.83,3.964,4.33,3.9,4.52,1.476,3.026,4.76,5.841,3.3,3.8,6.5,80.7,109.9,93.7,1113.06
47,870.5,1390.09,1435.06,1768.9,200505915,96.2,82.375,135.44,127.97,64.297,57.066,55,54,57,4.97,5.73,8.56,4,8829.04,1535.57,2430.31,4669.44,8512.27,1732.57,13888.24,1871.16,65.53,3535066.7,64.6,71.3,69.3,95.37,96.68,98.41,102.16,97.42,54.43,883,818.05,10095,1210.75,349.5,542.5,3595,1726,45.75,5.43,0.42,1.91,2.92,3.44,3.26,3.77,1.399,2.217,3.853,3.91,3.4,4,6.8,71.8,102.8,92.5,1076.07
48,6756.1,1373.84,1503.28,1846.09,201223413,94.58,82.375,129.44,120.68,63.833,56.424,51,45,56,3.97,4.87,8.35,3,8776.39,1577.03,2447.62,4810.2,8859.56,1761.56,14387.48,1820.81,72.73,3961609.8,64.6,70.7,72.1,95.37,96.48,98.81,101.74,96.41,44.6,972.25,882.05,11609,1180.25,407,610.75,3042,1507.75,49.02,3.95,0.259,1.549,2.212,2.676,2.95,3.02,1.175,1.425,2.892,2.77,3.4,4.4,7.3,63.8,94.5,89.8,1124.47
49,1433.2,1346.1,1487.18,1793.82,201741003,94.31,82.45,125.03,118.52,63.479,55.893,52,47,57,3.44,4.42,7.34,2.5,8000.86,1476.42,2236.98,4338.35,7994.05,1746.47,13278.21,1990.66,76.45,3409708.2,64.6,70.4,54.7,95.46,97.35,98.31,101.12,96.83,41.68,970.5,927.85,11147,1075,379,568,3119,1316,49.41,2.94,0.34,1.88,2.84,3.6,3.3,3.7,1.297,1.184,2.086,2.166,3.3,4.3,7.8,65.8,86.9,87.6,1162.11
50,6214.5,1429.46,1546.11,1829.88,201534628,94.95,83.045,131.07,123.16,63.32,55.769,52,43,59,3.78,5.24,7.07,2,7062.93,1377.84,1976.23,3843.74,7568.42,1594.87,12811.57,2082.85,80.19,3087484.4,65.1,70.4,60.8,96.15,97.35,98.91,100.81,97.31,44.76,874.5,942.35,9926,1103,350.75,510.5,3422,1308.5,42.06,2.5,0.435,1.984,3.013,3.708,3.11,3.62,1.28,1.264,1.825,2.049,3.3,4.6,8.3,70.6,79.6,87.1,1063.03
51,5874,1461.98,1495.71,1904.04,206340481,95.4,83.64,133.22,124.77,63.209,55.816,58,56,60,3.69,4.97,6.14,2,7608.92,1528.59,2071.13,4084.76,8109.53,1699.99,13576.02,2373.21,89.93,3371945.3,65.6,70.6,69.8,96.84,97.06,98.71,101.12,97.55,49.66,952,919.145,9755,1291.25,404.75,532.75,4003,1355,46.47,2.41,0.41,1.66,2.663,3.53,2.99,3.17,1.353,1.192,1.51,1.649,3.6,4.8,8.7,73.4,80.4,85.7,1206.26
52,4904.2,1341.9,1356.24,1771.59,212478021,95.51,83.862,125.16,115.08,63.247,55.911,69,67,71,3.76,4.9,5.68,2,8168.12,1717.3,2375.34,4769.45,8828.26,1920.28,15520.99,2477.57,99.01,3930523.3,66.5,71,66.6,97.09,96.87,98.81,101.23,97.79,51.12,1070,888.2,11626,1401,396.25,524.25,4433,1459.5,53.49,2.41,0.272,2.01,3.119,4.032,3.18,3.5,1.432,1.016,1.365,1.452,3.7,5,9,75.8,83.9,85,1369.36
53,1896.5,1258.71,1304.52,1719.12,226766307,94.78,83.862,119.53,111.59,63.315,56.025,74,73,75,3.83,5.05,5.16,2,8500.33,1774.33,2451.24,4940.82,9522.5,2329.08,18171,2632.93,99.85,3618428.6,67.1,71.2,68.7,97.09,96.58,98.71,101.02,98.07,66.31,1184,979.15,13866,1541.75,436.25,637.25,4816,1406.5,56.97,2.41,0.28,2.34,3.459,4.34,3.59,3.75,1.49,0.656,1.269,1.278,3.9,5.1,9.4,76.5,86.9,84.2,1395.89
54,3867.9,1261.35,1305.52,1767.77,231734629,94.53,83.788,121.81,117.3,63.438,56.175,77,76,78,4.09,5.26,5.21,2,8447,1835.04,2401.69,4808.64,9958.44,2333.14,18378.73,2959.36,101.13,4050005,67.8,71.8,76.9,97.01,96.09,99.01,100.81,98.92,69.89,1226.25,926.6,15291,1522.5,347.75,511.25,4949,1596.75,53.3,2.41,0.34,2.55,3.533,4.33,3.39,3.69,1.359,0.595,1.099,1.186,3.9,5.2,9.5,79.8,88.4,84,1390.07
55,2062,1263.97,1338.06,1778.8,237509692,95.61,84.086,122.68,117.27,63.611,56.366,78,80,77,4.09,5.18,5.46,2,9171.61,1978.5,2638.13,5332.14,10356.83,2659.2,20573.33,3412.06,108.91,4300096.7,68.1,72.2,70.4,97.35,96.09,99.01,100.5,98.76,69.45,1134,954,17897,1726,339.5,528.25,5720,1867,57.93,2.41,0.25,2.51,3.48,4.3,3.3,3.8,1.419,0.479,0.893,0.888,3.8,5.5,9.5,82.1,89.4,85,1557.29
56,1169.3,1238.4,1304.31,1766.26,245458538,96.16,84.384,122.94,119.68,63.812,56.637,81,84,78,4.42,5.44,5.74,2,9496.28,2009.06,2775.17,5464.61,10492.53,2592.9,19724.19,2667.75,105.46,3889040.8,68.4,72.4,66.3,97.7,96.57,99.21,100.81,98.98,69.96,1100,951.25,19070,1855.5,326.25,471,6464,1867,57.76,2.57,0.22,2.39,3.398,4.18,3.26,3.56,1.31,0.348,0.821,0.69,3.8,5.4,9.6,83.2,90.7,85.9,1591.85
57,584.9,1219.15,1332.42,1774.17,254247250,96.25,84.459,120.71,117.37,64.268,57.444,84,90,80,4.4,5.38,5.58,2,9712.28,2122.42,2872.63,5675.16,10133.23,2672.57,20955.25,2779.43,109.23,4143076.9,68.8,72.8,78,97.78,96.96,98.91,100.81,99.04,70.61,927,1007.7,17819,1943.25,344,457.5,6148,1856,61.34,2.72,0.17,2.31,3.305,4.05,3.22,3.59,1.301,0.287,0.753,0.542,3.6,5.4,9.8,86.7,93.5,86.6,1673.14
58,2382.4,1175.25,1300.78,1742.87,264187192,95.48,84.235,117.04,116.08,64.512,57.859,88,90,86,4.47,5.45,5.6,2,9712.73,2045.11,2743.5,5414.96,10034.74,2651.13,21752.87,2995.85,106.15,3984713.7,69.3,73.1,71.9,97.53,96.86,98.91,100.4,99.14,77,978,1045.4,18205,2133.63,366,494.25,6455,1875.25,67.64,2.79,0.16,2.31,3.383,4.23,3.23,3.62,1.415,0.281,0.72,0.591,3.6,5.2,10,84.5,96.1,86.8,1580.69
59,727.7,1164.23,1304.43,1736.61,270892261,95.81,84.384,117.32,118.32,64.676,58.186,85,88,82,4.32,5.39,5.43,2,10344.84,2144.6,2797.25,5625.95,9345.55,2732.12,21821.5,3195.3,105.4,3977951.6,69.9,73.4,79.3,97.7,97.16,98.81,100.19,99.21,77.28,1060.5,1179.6,16335,2292.5,402.75,567.5,6903,2029,70.75,2.79,0.147,2,3.198,4.192,3.16,3.52,1.266,0.257,0.719,0.612,3.7,5.2,9.9,85.3,98,87.2,1555.6
60,1971.9,1166.45,1300.81,1703.73,269994736,96.29,84.682,118.28,118.93,64.768,58.336,89,89,89,4.24,5.31,5.35,2,10428.05,2269.15,2964.96,5957.43,10546.44,2897.62,21872.5,3277.14,114.77,4213065.3,70.3,73.6,87.5,98.04,98.13,99.61,99.98,99.03,79.36,1039.75,1096.95,18452,2529,414.5,541.5,7342,2197,75.6,2.86,0.186,2.679,3.837,4.641,3.39,4.02,1.295,0.251,0.7,0.061,3.6,5.2,9.9,86,98.8,87.5,1682.77
61,-940.8,1138.82,1248.26,1627.52,273693584,96.71,85.351,117.23,118.41,64.851,58.508,89,93,86,4.29,5.35,5.4,2,10067.33,2147.35,2776.83,5608.79,10198.04,2745.35,20121.99,2989.29,113.22,3681297.1,70.6,74,73.7,98.82,98.71,99.01,100.09,99.37,72.89,914,1080.85,18434,2095,356.5,474,6723,2046.5,69.03,2.88,0.142,2.323,3.584,4.488,3.2,3.91,1.325,0.249,0.665,0.616,4.7,5,9.8,88,101.1,88.4,1602.43
62,1980.4,1157.08,1281.72,1584.53,270659721,96.88,85.523,118.67,118.77,65.04,58.872,89,92,87,4.19,5.3,5.32,2,10325.26,2238.26,2728.47,5598.46,10126.03,2750.86,20608.7,3051.94,104.91,3585725.4,70.7,74.5,77.1,99.02,99.9,99.41,100.09,99.4,79.66,951,1117.6,21096,2172,378,506.5,7167,2102,82.61,2.88,0.18,2.3,3.612,4.56,3.1,4.03,1.305,0.252,0.656,0.643,4,5,9.8,88.4,101.4,88.7,1594.58
63,1136.3,1137.64,1255.84,1544.89,272331061,97.33,85.696,118.16,119.73,65.201,59.271,89,96,85,3.94,4.92,5.02,2,10856.63,2397.96,2931.16,6153.55,11089.94,2887.46,21239.35,3109.11,108.95,4254429.1,70.7,75.1,95.8,99.22,99.2,99.91,100.3,99.81,83.76,941,1113.25,24960,2344.75,345,450.5,7759,2293.5,80.55,2.75,0.231,2.544,3.826,4.713,3.09,3.94,1.4,0.292,0.634,0.647,3.7,5.1,9.9,90,101.7,89.4,1692.85
64,3102.5,1117.11,1195.31,1501.68,278873477,98.04,86.041,118.47,120.79,65.327,59.643,94,101,88,3.77,4.91,4.69,2,11008.61,2461.19,2816.86,6135.7,11057.4,2974.61,21108.59,2870.61,112.77,4424197.1,70.7,75.5,89.8,99.62,99.4,100.01,100.3,99.98,86.15,989.5,1179.2,26244,2253.25,366.25,491.75,7397,2225,82.76,2.45,0.231,2.416,3.653,4.517,3.02,3.85,1.29,0.347,0.663,0.677,3.6,5.1,9.9,91.2,102.9,89.7,1741.56
65,5963.5,1163.11,1265.23,1460.68,270221038,98.87,86.128,121.41,124.21,65.358,59.886,95,102,89,3.7,4.95,4.48,2,10136.63,2257.04,2610.26,5964.33,9768.7,2752.6,19765.19,2592.15,107.91,3991229.6,71,76,85.9,99.72,99.3,99.91,100.3,100.06,73.97,937.75,1216.2,21277,1904.5,359,457.75,6911,2012.75,80.05,2.47,0.216,2.092,3.285,4.204,2.66,3.58,1.265,0.536,0.701,0.711,3.2,5.1,9.6,91.9,102.5,90.9,1641.25
66,3438.8,1212.33,1333.59,1480.85,274218706,98.98,86.041,124.95,127.12,65.365,60.123,94,102,87,3.75,4.93,4.65,2,9774.02,2109.24,2573.32,5965.52,9382.64,2835.51,20128.99,2398.37,109.93,4294174.5,71.2,76.4,96.9,99.62,98.7,99.91,100.09,99.96,75.63,948.5,1242.25,19679,1759.5,354.25,464.75,6484,1951.25,82.6,2.48,0.217,1.773,2.931,3.889,2.58,3.36,1.091,0.534,0.767,0.73,3.5,5.2,9.4,92.5,101.9,91.1,1698.29
67,3293.3,1207.3,1377.67,1540.31,285957848,99.23,86.214,124.13,126.65,65.303,60.282,93,100,88,3.88,4.91,4.81,2.25,10465.94,2254.7,2742.14,6147.97,9537.3,2987.7,21029.81,2637.5,109.59,4458979.8,71.3,76.8,92.5,99.82,99.1,100.11,99.56,99.98,78.95,1052.5,1181,21080,1999,392.75,661.5,7274,2162.75,82.36,2.66,0.191,1.596,2.905,3.988,2.67,3.33,1.074,0.454,0.896,0.745,3.8,5,9.4,93.5,103.2,91.4,1759.33
68,4056.7,1179.92,1380.19,1523.33,285353120,99.53,86.647,120.79,126.49,65.271,60.499,88,96,81,3.73,4.68,4.68,2.25,10014.72,2114.03,2622.95,5925.22,8824.06,2950.33,20536.49,2638.8,105.05,4378076.2,71.4,76.8,91.4,100.32,99.69,100.21,99.67,100.12,71.92,1008,1247.45,20646,2034.25,424.5,652.5,7426,2042.25,89.08,2.66,0.19,1.33,2.468,3.52,2.12,2.83,0.971,0.296,0.886,0.725,3.5,5.1,9.5,93.3,103.7,91.8,1742.75
69,3517.3,1167.01,1384.17,1518.69,289775214,100.1,87.337,119.76,126.35,65.333,60.887,88,93,83,3.48,4.28,4.41,2.25,10788.05,2368.62,2747.9,6229.02,9369.35,3097.63,22358.17,2655.66,109.98,4038649.6,71.4,76.7,87.2,101.12,100.29,100.11,99.88,100.18,79.97,1106.75,1308.35,23406,2166,495.75,674,8006,2321.5,104.18,2.67,0.187,1.263,2.51,3.685,2.28,2.95,0.94,0.29,0.892,0.732,3.8,5.1,9.5,93.8,105,92,1872.81
70,1363.7,1123.45,1371.09,1559.56,293347790,100.47,87.337,116.23,124.77,65.469,61.397,89,95,85,3.24,4.11,4.13,2.25,11118.49,2507.41,2844.99,6601.37,9202.45,3142.62,23096.32,2978.84,108.51,4163571.1,71.3,76.6,88.5,101.12,100.99,100.21,100.19,100.3,81.43,1226,1359.4,22918,2396,582,717.25,8187,2316,125.26,2.66,0.161,1.166,2.599,3.983,2.52,3.08,0.939,0.286,1.045,0.741,3.7,5.1,9.4,94,102,91.8,1882.95
71,1749.2,1126.2,1366.58,1541.34,290230708,100.82,86.906,116.88,127.18,65.721,62.036,90,94,87,3.4,4.48,4.19,2.5,11006.02,2498.23,2650.99,6688.49,9937.04,3144.7,23007.99,2820.18,110.97,4561841.9,71.4,76.8,92,100.62,102.1,100.31,99.88,100.34,84.11,1243,1386.02,22998,2104.75,530,650.25,8418,2254.75,126.23,2.8,0.193,1.466,2.797,4.11,2.67,3.23,1.194,0.3,1.028,0.739,3.3,5,9.8,94.4,103.8,91.9,1904.63
72,-710.5,1147.55,1376.72,1515.36,291570661,101.75,87.251,120.32,132.88,65.991,62.492,90,95,86,3.25,4.46,4.17,2.5,11577.51,2652.87,2792.82,6914.19,10228.92,3190.04,23035.45,2808.08,112.2,4730905.6,71.5,77.3,99.2,101.02,102.61,100.91,99.67,100.52,91.38,1393.75,1420.78,24708,2444,629,794.25,9650,2460.75,144.81,2.8,0.181,2.006,3.294,4.334,2.96,3.4,1.128,0.303,1.006,0.758,3.7,4.9,9.3,95.5,104.1,92.8,2051
73,-869.9,1120.07,1356.27,1495.37,295956219,103.32,88.288,118.18,132.27,66.3,63.026,87,93,83,3.71,4.69,4.52,2.75,11891.93,2700.08,2953.63,7077.48,10237.92,3179.72,23447.34,2790.69,115.44,4336134.3,72,78.2,82.5,102.22,103.64,100.71,99.56,100.99,92.19,1413,1332.8,27324,2409,659.5,840.75,9768,2512.75,168.44,3.03,0.16,1.941,3.37,4.571,3.16,3.66,1.219,0.304,1.074,0.777,3.5,4.8,9.1,98.9,104.8,92.6,2069.73
74,2428.2,1118.14,1350.97,1524.62,297667285,104.09,88.892,120.55,135.98,66.83,64.046,84,89,79,3.94,4.76,4.72,2.75,12226.34,2782.27,3013.09,7272.32,10624.09,3010.51,23338.02,2905.05,102.18,3544049.5,72.3,78.2,77,102.92,104.97,101.31,99.56,101.49,96.97,1357.25,1411.48,28972,2492.5,722.5,782.5,9880,2569.25,205.14,3.15,0.16,2.138,3.427,4.501,3.17,3.6,1.264,0.31,1.094,0.803,3.7,4.7,9,95.3,105.2,92.2,1939.3
75,-1821.2,1122.45,1376.2,1572.59,298617571,105.34,89.238,124.2,140.87,67.482,65.164,87,95,80,3.74,4.51,4.54,3,12319.73,2781.07,2910.91,7041.31,9755.1,3105.85,23527.52,2928.11,97.23,4548313.9,72.4,78.5,100,103.32,104.76,101.91,99.77,102.48,106.72,1410.25,1432.3,26075,2347.5,693.25,763.25,9413,2619,200.23,3.37,0.169,2.277,3.47,4.508,3.35,3.69,1.26,0.303,1.239,0.818,3.8,4.7,9,97.9,88.6,93.2,2106.7
76,-159.8,1086.84,1304.81,1569.39,307198549,105.99,89.325,122.46,141.74,68.037,65.947,92,99,85,3.74,4.48,4.54,3,12810.54,2873.54,3011.25,7514.46,9849.74,3179.86,23720.81,2911.51,107.81,4383893.1,72.5,78.3,91.9,103.42,104.86,101.91,99.88,103.14,113.93,1392.75,1563.7,26836,2234,754,769.25,9296,2758.75,178.78,3.43,0.095,1.967,3.286,4.397,3.24,3.43,1.21,0.273,1.385,0.822,3.5,4.7,9.1,96.3,90.2,92.8,2192.36
77,-2692.4,1083.54,1333.6,1551.34,305083958,106.31,89.497,120.32,138.72,68.511,66.492,90,96,84,3.66,4.34,4.44,3,12569.79,2835.3,2861.92,7293.69,9693.73,3159.93,23684.13,2743.47,103.83,4253093.4,72.5,78.9,99.2,103.62,104.97,101.91,99.88,103.63,102.7,1376,1535.8,23587,2246.75,747.5,782.25,9202,2662.25,158.67,3.45,0.107,1.699,3.061,4.224,3.02,3.29,1.165,0.253,1.433,0.826,3.3,4.6,9,97,96.2,93,2142.47
78,1067,1081.27,1342.81,1555.38,304484573,106.07,89.67,118.95,138.01,68.848,66.926,88,93,84,3.65,4.24,4.4,3.25,12414.34,2773.52,2848.53,7376.24,9816.09,3120.44,22398.1,2762.08,100.81,4516784.3,72.6,79.2,101.6,103.82,105.28,102.01,99.77,103.52,95.42,1306.25,1500.35,23395,2342,629,584.75,9414,2503.25,159.79,3.56,0.097,1.761,3.16,4.371,3.03,3.38,1.14,0.246,1.547,0.826,3.3,4.7,9.1,98,100.1,93.2,2100.69
79,2355,1059.5,1333.36,1515.37,311030779,106.21,90.102,116.65,136.29,69.129,67.457,87,92,83,3.77,4.23,4.48,3.25,12143.24,2756.38,2670.37,7158.77,9833.03,3189.26,22440.25,2701.73,106.13,4075945,72.7,79.5,95.5,104.32,105.74,102.21,99.77,103.61,95.7,1354.25,1627.88,24954,2465.75,665.5,672.5,9811,2596.75,102.08,3.59,0.153,1.356,2.796,4.118,2.54,2.86,1.082,0.256,1.609,0.833,3.3,4.7,9,98.3,101,93.7,2133.21
80,4746.5,1073.17,1391.35,1538.73,312194523,106.35,90.707,117.51,136.64,69.47,68.189,81,84,78,3.57,3.96,4.29,3.25,11613.53,2579.46,2302.08,5784.85,8955.2,2885.26,20534.85,2567.34,85.55,4346007.7,72.7,79.8,96.2,105.02,106.04,102.31,99.88,103.89,88.81,1449,1825.72,22157,2264.25,757.5,745.25,9258,2430.75,105.88,3.58,0.041,0.962,2.223,3.601,2.22,2.6,1.034,0.327,1.542,0.886,3.2,4.5,9,98.2,102.5,94.3,1880.11
81,3273.2,1118.61,1456.48,1542.38,303383685,106.43,90.62,120.96,141.42,69.848,69.135,82,84,80,3.45,3.75,4.24,3.25,10913.38,2415.4,2179.66,5502.02,8700.29,2675.16,17592.41,2359.22,88.83,4194266.5,72.8,79.7,87.8,104.92,106.55,102.51,99.88,104.05,79.2,1179,1623.97,17570,1837.75,592.5,609.25,6998,2124,98.71,3.57,0.051,0.952,1.915,2.913,1.89,2.43,1.032,0.374,1.554,0.953,3.3,4.2,9,99,101.9,94.2,1769.65
82,5.3,1155.45,1508.22,1583.95,310975985,106.33,90.448,122.42,142.8,70.126,69.758,82,85,80,3.47,3.86,4.29,3.25,11955.01,2684.41,2385.22,6141.34,8988.39,2855.77,19864.87,2468.25,97.82,4126945.1,72.8,80.1,83.4,104.72,106.65,102.51,99.98,103.84,93.19,1207.5,1714.85,19555,1984.75,647,628.25,7982,2196.5,102.29,3.57,0.041,0.96,2.113,3.131,2.03,2.44,1.047,0.429,1.591,0.987,3.2,4.4,8.8,99.9,103.6,94.9,1909.03
83,5075.4,1132.31,1459.96,1536.59,308631299,105.99,90.534,119.2,140.8,70.403,70.12,80,85,77,3.39,3.8,4.24,3.25,12045.68,2620.34,2330.43,6088.84,8434.61,2702.46,17989.35,2333.41,96.28,4495987.6,72.8,80,91.6,104.82,106.45,102.71,99.35,103.75,100.36,1125,1746.38,17176,1954.25,601.25,595.75,7860,2102.75,90.31,3.55,0.051,0.952,2.068,3.055,2.28,2.31,1.072,0.529,1.473,1.038,3.3,4.5,8.6,97.9,101.5,94.9,1847.51
84,3231,1147.45,1473.43,1511,306402488,106.09,90.879,119.08,141.01,70.521,70.181,81,82,80,3.36,3.81,4.24,3.25,12217.56,2605.15,2316.55,5898.35,8455.35,2646.35,18434.39,2199.42,97.06,4673342.6,72.9,80.1,100.5,105.22,106.75,102.91,99.46,103.49,98.83,1198.5,1563.7,18724,1827.25,646.5,652.75,7590,1994.5,91.8,3.56,0.056,0.832,1.876,2.894,1.83,1.98,0.988,0.581,1.356,1.08,3.2,4.5,8.5,96,103.6,95.4,1825.74
85,2036.3,1145.85,1488.74,1477.23,311340552,106.64,91.242,120.18,142.4,70.631,70.355,78,80,77,3.37,3.8,4.24,3.25,12632.91,2813.84,2416.66,6458.91,8802.51,2906.69,20390.49,2292.61,102.46,4159867.6,73.1,80,87.1,105.64,108.35,102.81,99.67,103.95,98.48,1199,1737.6,20774,2087.75,639,666,8300,2201.5,93.25,3.55,0.076,0.705,1.797,2.938,1.79,1.97,0.967,0.542,1.125,1.083,3.2,4.5,8.3,98.7,103.9,95.9,1955.79
86,-2276.2,1123.35,1433.65,1485.99,315803644,107.37,91.588,119.74,143.09,70.749,70.619,79,82,76,3.43,3.81,4.25,3.25,12952.07,2966.89,2512.11,6856.08,9723.24,2994.06,21680.08,2428.49,97.58,4619105.3,73.6,80.4,97.3,106.04,108.25,103.51,99.88,104.41,107.07,1313.5,1696.85,19167,2091,656.5,664.25,8493,2285.5,89.86,3.52,0.127,0.859,1.971,3.085,1.82,2.15,0.963,0.484,0.983,1.06,3.4,4.5,8.3,101.6,103.7,96.2,2030.25
87,4479,1125.9,1364.08,1487.13,315951551,107.9,91.614,120.49,145.47,70.856,70.951,81,84,79,3.55,3.95,4.36,3.25,13212.04,3091.57,2477.28,6946.83,10083.56,3010.46,20555.58,2262.79,105.26,4693538,73.9,80.5,96.5,106.07,108.45,104.11,100.3,105.2,103.02,1403,1668.35,17753,1995,644,660.75,8475,2087,93.52,3.53,0.132,1.039,2.209,3.336,1.79,2.2,0.989,0.468,0.777,1.027,3.3,4.5,8.2,98.8,103.5,95.7,2014.04
88,-354,1135.55,1393.87,1495.55,316836857,107.95,91.605,121,143.9,70.932,71.247,82,86,79,3.5,3.9,4.25,3.25,13213.63,3046.36,2306.43,6761.19,9520.89,2978.57,21094.21,2396.32,103.14,4378899,74.2,80.7,94.7,106.06,108.35,103.91,100.4,105.52,104.87,1503,1664.75,17817,2054.5,660.25,647.75,8535,2078.75,87.25,3.52,0.142,0.808,1.914,3.111,1.66,2.11,0.897,0.466,0.708,1.013,3.3,4.5,8.2,99.5,102.9,96.4,1981.99
89,4207.5,1154.27,1447.08,1478.58,310871842,107.35,91.769,120.01,141.18,70.967,71.376,82,83,80,3.38,3.75,4.01,3.25,12393.45,2827.34,2118.94,6264.38,8542.73,2772.54,18629.52,2372.23,94.17,4787200.8,74.2,81,94.3,106.25,108.05,103.91,100.09,105.39,86.53,1340,1560.43,16159,1865.5,555.25,643.75,7434,1955.5,71.55,3.51,0.122,0.655,1.558,2.642,1.2,1.57,0.824,0.467,0.668,0.993,3.1,4.4,8.2,100.3,101.1,96.6,1843.47
90,5742.5,1165.51,1469.08,1462.27,312378022,106.05,91.639,118.32,136.17,70.941,71.462,78,82,75,3.29,3.63,3.87,3.25,12880.09,2935.05,2264.72,6416.28,9006.78,2878.45,19441.46,2225.43,94.31,4665947.7,74.5,81.1,91.2,106.1,107.45,103.71,99.56,105.24,84.96,1512.75,1597.4,16694,1880.5,672.5,739,7692,1875.75,72.16,3.5,0.152,0.718,1.645,2.753,1.58,1.73,0.837,0.461,0.653,0.895,3.2,4.3,8.2,98.8,100.4,96.6,1854.01
91,7014.3,1143.36,1446.38,1406.96,314348164,105.58,91.432,116.76,135.01,70.861,71.557,69,71,67,3.01,3.3,3.6,3,13008.68,2939.52,2325.72,6772.26,8695.06,3036.4,19796.81,2103.64,91.13,4874533.2,74.5,81.5,94,105.86,107.55,104.11,99.24,105.07,88.06,1721,1614.3,15807,1832.5,806.5,888.25,7552,1853.25,70.58,3.13,0.132,0.581,1.468,2.547,1.29,1.47,0.794,0.443,0.389,0.744,3.1,4.3,8.2,98.3,99.9,96.8,1881.99
92,2472.8,1131.69,1438.35,1402.81,316884505,106.23,91.855,116.72,137.26,70.79,71.63,69,72,66,2.83,3.09,3.4,3,13090.84,3066.97,2440.71,6970.79,8839.91,3025.46,19482.57,2047.52,89.59,4954037.7,74.5,81.2,80.3,106.35,108.25,104.51,99.46,105.65,96.47,1764.5,1692.01,15897,1815.75,802.75,870,7606,1883.75,76.48,3.09,0.127,0.59,1.548,2.672,1.33,1.46,0.797,0.418,0.278,0.681,3.2,4.2,8.1,96.9,98.6,96.5,1905.12
93,4112.2,1124.78,1438.63,1445.97,322014520,106.61,92.512,116.9,138.26,70.683,71.868,68,69,66,2.81,3.05,3.31,3,13437.13,3116.23,2454.26,7216.15,8870.16,3060.34,20840.38,2086.17,95.23,4641955.7,74.5,81.3,83,107.11,108.58,104.61,99.56,106.12,92.19,1601,1772.1,18426,2064.25,756.25,902.5,8212,2084.75,69.15,3.05,0.127,0.625,1.634,2.823,1.44,1.73,0.778,0.359,0.22,0.597,3.2,4.2,7.8,98.4,96.5,96.4,1996.21
94,8030.2,1106.93,1400.86,1435.95,323461424,105.78,92.339,114.44,133.69,70.603,72.228,68,68,67,2.78,2.97,3.3,2.75,13096.46,2977.23,2503.64,7260.63,8928.29,3038.37,21641.82,2068.88,92.47,4914782.7,74.7,81.3,84.3,106.91,108.47,104.61,99.56,106.08,86.24,1547,1720.65,16135,1828.75,755.75,864.5,7758,1877.5,70.07,2.82,0.152,0.721,1.69,2.858,1.46,1.85,0.775,0.313,0.197,0.528,3.1,4.1,7.8,100,96.8,96.7,1912.06
95,7060.9,1087.52,1344.04,1395.9,326091468,105.05,92.011,111.3,129.74,70.55,72.505,66,67,65,2.8,2.99,3.32,2.75,13025.58,3010.24,2575.25,7405.5,9446.01,3069.95,22030.39,1980.12,97.22,4970434,74.9,81.7,82.4,106.53,108.65,104.71,99.24,105.58,88.91,1438.75,1714.8,17598,2029.25,748,844.75,7979,2094,72.65,2.82,0.127,0.617,1.616,2.809,1.39,1.78,0.716,0.311,0.191,0.523,3.2,4.1,7.7,100.7,96.1,97.1,1932.9
96,6264.5,1076.97,1288.05,1411.39,326968393,104.79,92.175,110.47,128.38,70.501,72.654,68,68,68,2.85,3.13,3.3,2.75,13104.14,3019.51,2635.93,7612.39,10395.18,3167.08,22656.92,2269.13,98.35,4646749.5,75.3,82.1,91.1,106.72,109.45,105.01,99.24,105.29,91.82,1418.75,1675.35,16998,2049.5,698.25,778,7907,2041,75.14,2.87,0.112,0.723,1.757,2.95,1.32,1.83,0.791,0.306,0.187,0.515,3.1,4.3,7.9,100.3,97.4,97.3,1997.05
97,7289.2,1065.35,1196.82,1415.66,328910278,104.96,92.728,110.4,127.35,70.462,72.82,69,70,68,2.75,3.05,3.2,2.75,13860.58,3142.13,2702.98,7776.05,11138.66,3282.66,23729.53,2385.42,99.16,5084388.1,75.4,82.3,80.3,107.36,110.54,104.51,99.35,105.61,97.49,1468.5,1663.65,18268,2125.25,740.5,779.5,8128,2054.25,82.95,2.81,0.112,0.878,1.985,3.172,1.68,2.1,0.754,0.298,0.232,0.511,3.2,4.2,8,102.1,95.4,97.3,1961.94
98,5158.1,1086.68,1166.43,1452.33,327395341,105.68,93.038,113.09,130.83,70.421,73.017,68,71,65,2.7,3.04,3.06,2.75,14054.49,3160.19,2633.55,7741.7,11559.36,3269.95,23020.27,2365.59,93.21,4624021.7,75.7,82.4,74.8,107.72,111.76,105.11,99.14,106.47,92.05,1474.25,1579.58,16539,2046.25,719.5,707.75,7784,1961.75,83.56,2.77,0.122,0.761,1.876,3.086,1.45,1.97,0.663,0.287,0.209,0.508,3.2,4.3,7.7,99.8,97,97.8,2026.49
99,5967.2,1102.2,1161.1,1427.45,327408423,105.26,92.952,113.39,129.79,70.389,73.337,71,75,68,2.6,2.91,2.95,2.75,14578.54,3267.52,2624.02,7795.31,12397.91,3308.1,22299.63,2236.62,96.32,4738513,75.9,82.4,90.1,107.62,110.75,105.61,99.35,106.75,97.23,1404.75,1598.75,16590,1864.5,695.25,687.75,7510,1875.25,88.46,2.75,0.101,0.764,1.849,3.102,1.29,1.77,0.551,0.283,0.211,0.507,3.1,4.1,7.5,98.6,97.9,98.2,2004.89
100,6383,1121.83,1148.4,1459.59,328799477,104.93,92.823,114.06,129.91,70.391,73.603,73,79,68,2.55,2.84,2.91,2.75,14839.8,3328.79,2712,7913.71,13860.86,3368.18,22737.01,2177.91,92.53,5260882.9,76.1,82.6,88,107.47,110.97,105.11,99.67,106.64,93.46,1467.75,1476.75,15319,1834.25,683.25,721.75,7021,1832.25,85.53,2.76,0.076,0.676,1.672,2.876,1.22,1.69,0.609,0.273,0.207,0.504,3,4.1,7.6,99.1,98.1,98.1,1963.95
101,8907.2,1110.67,1100.33,1441.54,328095419,104.57,92.823,113.07,127.56,70.381,73.741,73,80,67,2.59,2.9,2.96,2.5,15115.57,3455.91,2769.64,8348.84,13774.54,3311.37,22392.16,2300.6,97.91,4851048.5,76.4,82.8,91,107.47,110.31,105.51,99.77,106.83,91.97,1495.75,1387.92,14752,1893.75,662,705.5,7281,1877.75,79.36,2.68,0.061,1.018,2.128,3.279,1.51,2,0.857,0.275,0.2,0.506,3,4.1,7.5,98.9,99.6,98.2,2001.05
102,5383,1135.21,1165.7,1498.69,326439981,104.55,92.71,115.95,130.26,70.353,73.907,74,79,69,2.87,3.31,3.24,2.5,14909.6,3403.25,2602.59,7959.22,13677.32,3150.44,20803.29,1979.21,89.86,4486490.9,76.8,83.2,91.4,107.34,110.31,105.61,99.77,107.08,96.56,1564.5,1234.57,13644,1821,679.25,648.5,6731,1729.75,82.71,2.69,0.091,1.395,2.486,3.499,1.73,2.44,0.853,0.273,0.218,0.51,3.1,3.9,7.5,99.1,98.6,98.4,1863.32
103,6129.2,1127.23,1130.68,1475.13,329709314,104.53,92.909,114.92,129.2,70.351,74.179,70,72,67,2.91,3.47,3.38,2.5,15499.54,3626.37,2768.15,8275.97,13668.32,3221.93,21883.66,1993.8,95.38,4927234.1,77.2,83.4,96.7,107.57,110.42,106.11,99.98,107.13,105.03,1374,1325.25,13802,1804,499,664.25,6873,1757.25,85.63,2.66,0.066,1.378,2.576,3.635,1.67,2.36,0.802,0.266,0.228,0.509,3.2,3.8,7.3,98.5,100.1,98.1,1914.03
104,7303.8,1116.98,1142.11,1488.42,331093643,104.82,93.238,114.17,130.03,70.323,74.598,70,73,67,2.94,3.61,3.33,2.5,14810.31,3589.87,2721.37,8103.15,13388.86,3028.94,21731.37,2098.38,92.28,4521727.7,77.5,83.7,89.7,107.95,110.97,106.11,100.3,107.26,107.65,1424,1395.15,13725,1868.5,495,643.25,7078,1766,83.7,2.66,0.051,1.641,2.784,3.7,1.86,2.77,0.72,0.26,0.224,0.515,3.2,4.1,7.2,100.2,100.4,98.6,1926.36
105,6227.4,1087.35,1095.09,1449,336921772,104.71,93.419,111.38,127.02,70.36,75.2,72,75,70,2.9,3.53,3.29,2.5,15129.67,3771.48,2893.15,8594.4,14455.8,3167.87,22859.86,2174.67,103.88,4404040.6,77.6,83.8,79.2,108.16,111.86,106.11,100.62,107.38,102.33,1282.75,1328.94,13885,1881.75,441.5,678.5,7290,1798.35,86.11,2.65,0.025,1.382,2.61,3.685,1.78,2.72,0.686,0.249,0.225,0.518,3,3.9,7.2,98.7,101.2,99.2,1996.96
106,7861.9,1066.8,1089.59,1455.23,343225517,104.34,93.134,109.31,123.94,70.503,75.872,75,81,69,2.83,3.44,3.25,2.5,15545.75,3919.71,3067.95,9033.92,14327.94,3210.67,23206.37,2141.61,94.86,4862867,78,84.3,97.7,107.83,111.97,105.91,100.72,107.1,96.38,1280.25,1323.1,14557,1919,428.25,667.5,7242,1814.75,77.18,2.65,0.081,1.329,2.554,3.639,1.67,2.62,0.595,0.242,0.23,0.514,3.1,4,7.2,101.3,101.5,99,2030.09
107,4701,1062.82,1063.67,1434.24,345011747,104.13,93.116,108.47,123.38,70.626,76.363,74,78,70,2.936,3.584,3.366,2.5,16086.41,4059.89,3086.64,9405.3,15661.87,3176.35,23881.29,2220.5,100.96,4861955.2,78.3,84.5,90.9,107.81,111.86,106.11,100.72,106.89,92.72,1336.5,1253.49,13451,1866,415.25,655,7054,1710,78.14,2.65,0.096,1.37,2.745,3.811,1.69,2.77,0.605,0.239,0.234,0.522,3.1,3.9,6.9,100.2,101.9,99.3,2044.87
108,5947.4,1056.67,1021.51,1447.17,346459569,104.37,93.229,108.12,123.85,70.762,76.805,73,76,70,2.941,3.653,3.36,2.5,16576.66,4176.59,3109,9552.19,16291.31,3167.43,23306.39,2115.98,96.59,5090559.2,78.6,84.9,97.5,107.94,112.19,106.51,100.83,106.88,98.42,1312.5,1205.65,13832,2053,422,605.25,7376,1754.75,84.64,2.66,0.086,1.741,3.028,3.968,1.93,3.02,0.741,0.246,0.287,0.525,3.2,3.7,6.7,101.3,101.9,99.5,2011.34
109,4664.3,1064.75,1022.75,1451.18,348393811,104.65,93.73,108.28,123.53,70.842,77.123,72,76,69,2.892,3.647,3.319,2.5,15698.85,4103.88,3013.96,9306.48,14914.53,3027.22,22035.42,2033.08,93.56,4651447.4,78.9,85.3,80.6,108.52,113.31,105.91,100.72,107.27,97.49,1282.75,1244.55,13928,1964,434,555.75,7096,1663.25,85.83,2.66,0.051,1.49,2.644,3.599,1.66,2.71,0.622,0.237,0.296,0.521,3.2,3.7,6.6,102.2,103.6,99.1,1941.15
110,8019.6,1071.3,1048.64,1462.63,351791760,104.78,93.98,109,124.6,70.957,77.492,74,78,69,2.854,3.522,3.28,2.5,16321.71,4308.12,3149.23,9692.08,14841.07,3110.78,22836.96,2056.3,97.52,4800160.6,79.2,85.5,85.2,108.81,113.89,106.41,100.72,107.67,102.59,1414.25,1326.44,14692,2111,457.5,599,7080,1711.15,86.59,2.65,0.071,1.502,2.648,3.582,1.62,2.72,0.586,0.236,0.286,0.522,3.6,3.6,6.7,101,102.9,99.9,1979.99
111,5661.3,1070.89,1047.1,1480.5,354341349,104.74,94.153,108.53,123.95,71.157,77.901,75,81,69,2.874,3.543,3.303,2.5,16457.66,4198.99,3161.6,9555.91,14827.83,3188.62,22151.06,2033.31,104.12,4985651,79.3,85.9,97.9,109.01,113.31,106.71,100.93,108.36,101.58,1464,1284.01,15861,1970.25,502,697.25,6650,1744.25,93.52,2.65,0.051,1.718,2.718,3.558,1.57,2.74,0.642,0.231,0.313,0.522,3.4,3.7,6.7,101.8,104.3,100.9,1985.61
112,8999.4,1044.55,1018.6,1442.03,355845420,104.58,94.214,105.63,120.89,71.304,78.175,77,82,71,2.875,3.54,3.303,2.5,16580.84,4114.56,3198.39,9603.23,14304.11,3264.71,22133.97,2026.36,104.79,4985202,79.6,85.9,98.6,109.08,112.85,106.51,103.04,108.72,99.74,1530.75,1291.55,18298,2040.25,514,713,6660,1756.25,94.14,2.65,0.041,1.676,2.646,3.459,1.47,2.66,0.627,0.223,0.339,0.527,3.6,3.6,6.2,101.8,99.8,101,1961.79
113,8119.6,1024.99,1006.99,1406.72,360912745,104.56,94.369,103.94,118.83,71.351,78.287,74,79,69,2.838,3.402,3.264,2.5,16717.17,4242.62,3244.6,9943.27,14632.38,3295.85,23081.65,2039.21,102.91,4566660.6,79.7,85.9,96.5,109.26,112.97,106.41,103.46,109.1,102.71,1493.25,1249.73,19209,2055.5,465.75,627.25,6919,1806.5,86.27,2.65,0.046,1.539,2.476,3.328,1.36,2.57,0.578,0.227,0.311,0.531,3.5,3.6,6.3,98.7,101.9,101.4,1994.96
114,4514.2,1019.36,998.99,1385.45,366545511,104.61,94.248,103.83,118.77,71.401,78.424,71,77,66,2.746,3.286,3.168,2.5,16826.6,4408.18,3228.24,9833.07,15162.1,3255.67,23190.72,2048.33,101.99,4633940.2,80,86.1,93.4,109.12,112.85,106.71,103.36,109.3,105.37,1400.5,1327.32,18969,2214.25,424.25,564.75,7041,1856.75,79.21,2.64,0.061,1.63,2.53,3.36,1.25,2.67,0.566,0.231,0.207,0.553,3.5,3.7,6.1,101.5,100.6,101.7,2002.21
115,5921.4,1019.93,1003.01,1381.96,368026376,104.69,94.386,104.17,118.15,71.466,78.564,70,74,67,2.558,3.056,2.97,2.5,16563.3,4369.77,3115.51,9407.48,15620.77,3374.06,24756.85,2201.56,104.41,5399546.8,80.1,86.3,99.2,109.28,112.85,107.01,103.46,109.26,98.17,1224.5,1282.55,18436,2377.5,357,530.25,7136,1978.5,62.09,2.5,0.046,1.753,2.558,3.317,1.16,2.6,0.538,0.239,0.209,0.56,3.5,3.7,6.2,102.5,100.4,101.9,2076.12
116,7467.1,1025.36,996.02,1365.89,367534108,104.58,94.551,104.35,117.2,71.562,78.74,70,72,69,2.54,3.086,2.926,2.25,17098.45,4580.27,3172.63,9470.17,15424.59,3327.09,24742.06,2217.2,108.61,4951912.9,80.5,86.6,80.8,109.47,113.08,107.01,103.67,109.08,95.96,1089.5,1287.81,18717,2359.25,359,550.25,7009,2086.5,67.6,2.35,0.046,1.625,2.343,3.079,0.89,2.37,0.496,0.234,0.163,0.56,3.6,3.5,6.1,98.9,99.5,101.8,2068.54
117,6332.5,1033.24,962.48,1334.3,364406672,104.2,94.49,104.07,115.77,71.758,79.01,72,74,70,2.405,3.012,2.786,2.25,17042.9,4493.39,3225.93,9474.3,16173.52,3276.74,22932.98,2363.87,102.21,4853601.9,80.8,86.7,89.3,109.4,113.66,107.01,103.88,109.16,91.16,913.25,1208.16,16242,2281.75,320.75,477.75,6720,1928.75,67.96,2.28,0.03,1.757,2.489,3.197,0.95,2.43,0.531,0.235,0.083,0.565,3.5,3.5,5.9,99,100.6,102.1,2020.09
118,6569.8,1060.28,982.7,1344.64,363723405,103.47,94.205,104.83,114.53,71.97,79.269,69,72,67,2.239,2.769,2.595,2,17390.52,4630.74,3113.32,9326.87,16413.76,3274.25,23998.06,2420.18,96.51,5319918.2,81.1,86.6,89.3,109.07,113.66,106.71,103.57,108.89,80.54,1046.5,1173.48,15720,2315.5,376.75,532.5,6762,2057,64.45,2.1,0.046,1.61,2.335,3.066,0.84,2.25,0.458,0.232,0.086,0.553,3.6,3.6,5.7,98.5,100.6,102.1,1964.43
119,9142.2,1095.1,942.9,1366.24,363095393,103.15,94.015,106.06,113.53,72.116,79.488,71,75,67,2.138,2.692,2.466,2,17828.24,4791.63,3250.93,9980.85,17459.85,3350.5,23987.45,2682.84,105.14,5050315.8,81.4,86.7,100.4,108.85,113.31,106.71,103.25,108.3,66.15,1016,1167.41,16223,2212.75,375.75,577.25,6412,2030.5,60.96,2.07,0.066,1.481,2.164,2.889,0.7,1.93,0.421,0.234,0.082,0.553,3.5,3.4,5.8,98.5,100.6,102.7,1980.78
120,7617.8,1104.33,925.1,1361.42,363592748,102.14,94.006,103.36,107.7,72.249,79.744,71,73,69,2.143,2.681,2.46,2,17823.07,4736.05,3146.43,9805.55,17450.77,3365.15,23605.04,3234.68,100.09,5804785.6,81.7,87.2,112.4,108.84,113.77,106.71,103.25,107.68,53.27,1019.25,1184.86,15074,2167,397,589.75,6368,1825,60.27,2.14,0.117,1.653,2.171,2.752,0.54,1.76,0.329,0.256,0.078,0.564,3.6,3.4,5.6,101,100.2,102.7,1915.59
121,11101.5,1088.86,919.93,1267.5,362186186,100.89,94.643,98.91,99.57,72.345,79.955,71,73,69,2.039,2.415,2.356,2,17164.95,4635.24,3351.44,10694.32,17674.39,3391.2,24507.05,3210.36,104.49,5244722.4,82.1,87.5,90.6,109.58,114.12,105.61,103.15,107.18,48.24,961,1283.78,15109,2119.75,370,502.75,5541,1853.75,59.36,2.02,0.046,1.155,1.641,2.222,0.3,1.33,0.278,0.253,0.054,0.563,3.5,3.6,5.7,99,102.7,101.9,1949.26
122,7806,1098.4,926.37,1246.77,362370074,100.96,94.587,100.22,102.37,72.509,80.228,71,74,68,2.024,2.346,2.3,2,18132.7,4963.53,3599,11401.66,18797.94,3402.86,24823.29,3310.3,106.28,4442406.9,82.5,88,88.5,109.51,115.5,106.36,102.94,107.64,49.76,1030.75,1213.22,14037,2048.25,384.5,517.5,5924,1801.75,64.73,2.04,0.066,1.499,1.993,2.59,0.33,1.8,0.335,0.262,0.039,0.564,3.6,3.5,5.5,100.4,99.8,101.3,1985.8
123,9269.8,1112.57,924.4,1206.7,362750264,100.84,94.596,101.16,102.71,72.809,80.703,74,77,70,1.865,2.276,2.128,1.75,17776.12,4900.89,3697.38,11966.17,19206.99,3447.01,24900.89,3747.9,112.7,5672047,82.9,88.1,106.7,109.52,114.81,106.9,103.25,108.28,47.6,973.25,1183.68,12339,2072,376.25,511.75,6065,1781.25,63.1,1.78,0.132,1.37,1.923,2.536,0.18,1.58,0.405,0.271,0.019,0.57,3.5,3.4,5.4,99.5,99.3,100.9,2041.03
124,9422.4,1088.66,910.67,1175.28,369902086,100.8,94.625,99.3,100.23,73.169,81.199,78,80,76,1.739,2.177,1.988,1.75,17840.52,4941.42,3615.59,11454.38,19520.01,3487.39,28133,4441.66,115.28,5817643.2,83.3,88.3,101.6,109.55,114.58,107.43,103.78,108.5,59.63,978.5,1184.37,13915,2367,362.5,467,6365,1933.25,68.12,1.75,0.036,1.425,2.032,2.74,0.37,1.83,0.342,0.279,-0.005,0.569,3.6,3.4,5.4,100.1,99.7,100.4,2127.17
125,6420.1,1091.27,904.5,1219.27,371505613,100.87,94.89,100.35,101.5,73.441,81.538,75,73,76,1.875,2.49,2.115,1.75,18010.68,5070.03,3570.78,11413.82,20563.15,3392.11,27424.19,4611.74,109.25,4831074.3,83.7,88,96.6,109.86,114.35,107.65,104.1,109.06,60.3,934,1190.55,12588,2182,351.5,477,6005,1700.5,64.35,1.75,0.061,1.485,2.121,2.882,0.49,1.81,0.394,0.284,-0.012,0.567,3.7,3.3,5.6,97.7,99.7,99.9,2114.8
126,9966.9,1112.2,898.97,1247.15,374749258,100.82,94.909,101.51,102.08,73.778,81.977,66,66,65,1.773,2.468,2.012,1.5,17619.51,4986.87,3424.3,10944.97,20235.73,3317.33,26250.03,4277.22,100.91,6160056.1,83.9,88.2,105.5,109.88,114.35,107.65,103.78,109.44,59.47,1056.25,1172.42,11933,1995.75,414,614.75,5755,1651,67.51,1.6,0.112,1.648,2.353,3.124,0.76,2.02,0.465,0.283,-0.014,0.579,3.8,3.4,5.3,99.8,100.5,99.6,2074.2
127,8813.7,1143.22,927.48,1257.72,370822336,100.45,95.08,102.06,101.64,74.092,82.395,70,70,69,1.777,2.45,2.001,1.5,17689.86,5128.28,3600.69,11308.99,20585.24,3202.5,24636.28,3663.73,102.89,6243315,84.2,88.5,106.3,110.08,114.81,107.86,103.67,109.45,47.12,980.75,1095.82,10994,1912.5,371,499.25,5222,1582,64.01,1.56,0.142,1.529,2.18,2.906,0.64,1.88,0.415,0.309,-0.023,0.582,3.7,3.3,5.2,98.8,100.4,100.2,2030.16
128,7878.7,1179.1,958.3,1312.92,367938017,99.83,95.213,102.69,101.22,74.381,82.756,69,68,70,1.735,2.308,1.98,1.5,16528.03,4776.51,3269.63,10259.46,18890.48,2921.44,21670.58,3205.99,95.62,5585739.5,84.4,89.2,94.3,110.24,115.38,107.86,103.78,109.29,49.2,897.5,1134.81,10033,1807.25,363.75,482.5,5147,1587.75,63.74,1.57,0.229,1.548,2.218,2.962,0.8,1.96,0.38,0.329,-0.033,0.587,3.7,3.4,5.1,100.9,98.8,100.1,1941.49
129,9240,1184.76,985.71,1331.28,368113633,99.39,94.966,101.88,100.6,74.731,83.214,69,68,70,1.651,2.216,1.946,1.5,16284.7,4620.17,3100.67,9660.44,17388.15,2790.89,20846.3,3052.78,100.75,5825829.6,84.9,90,97.6,109.95,115.5,107.65,103.88,109.12,45.09,892,1115.07,10366,1671,387.75,512.75,5177,1566.75,59.49,1.55,0.066,1.357,2.037,2.854,0.59,1.76,0.356,0.325,-0.04,0.583,3.5,3.4,5,102.7,100.5,99.8,1962.81
130,8664,1148.18,955.92,1288.92,369600626,98.71,94.966,97.99,97.49,74.984,83.55,73,71,74,1.627,2.088,1.962,1.5,17663.54,5053.75,3418.23,10850.14,19083.1,2998.35,22640.04,3382.56,109.66,5954337.9,85.1,90.7,102.5,109.95,115.04,107.65,103.88,109.07,46.59,883.75,1142.16,10046,1689,382.25,522,5130,1447.25,63.32,1.55,0.224,1.519,2.142,2.922,0.52,1.92,0.309,0.334,-0.068,0.58,3.5,3.2,5,101.4,100.6,99.3,2029.47
131,7824.3,1151.97,940.34,1238.07,368463398,98.32,94.786,96.93,95.81,75.304,83.964,69,68,70,1.752,2.254,2.118,1.5,17719.92,5108.67,3506.45,11382.23,19747.47,2855.94,21996.42,3445.41,106.13,5813971.8,85.4,90.8,97.9,109.74,115.04,106.9,103.46,108.84,41.65,881,1064.77,8865,1545.25,365,460,4599,1437.25,61.3,1.74,0.387,1.645,2.206,2.972,0.47,1.83,0.307,0.416,-0.114,0.571,3.6,3.3,5.1,100.4,100,98.6,1991.97
132,8711,1172.24,962.5,1275.34,367961865,98.09,95.07,97,94.78,75.441,84.181,69,67,70,1.719,2.181,2.143,1.5,17425.03,5007.41,3267.52,10743.01,19033.71,2882.73,21914.4,3539.18,101.4,6201609.5,85.4,90.9,111.8,110.07,115.61,106.9,103.46,108.47,37.04,871.25,1061.42,8780,1592.75,358.75,470,4706,1500.25,63.28,1.66,0.474,1.76,2.269,3.016,0.63,1.96,0.265,0.613,-0.131,0.59,3.5,3.3,5,99.7,98.1,98.1,1961.31
133,9684.8,1201.67,1017.44,1306.27,367293330,97.56,95.232,97.38,93.32,75.504,84.343,67,65,68,1.628,2.025,2.091,1.5,16466.3,4613.95,3045.09,9798.11,17518.3,2629.11,19683.11,2737.6,96.32,5599928.6,85.5,90.8,86.8,110.26,116.19,106.14,103.04,108.65,33.62,882.25,1118.17,8583,1628,372,479.25,4570,1518.75,61.13,1.59,0.423,1.328,1.921,2.744,0.33,1.56,0.1,0.613,-0.162,0.589,3.4,3.2,4.8,99.7,100.3,98.6,1912.06
134,7519,1217.35,1060.15,1348.77,365758112,97.56,95.64,98.15,94.79,75.558,84.5,63,63,64,1.474,1.826,1.95,1.5,16516.5,4557.95,2945.75,9495.4,16026.76,2666.51,19111.93,2687.98,94.67,5192420.3,85.5,91,83,110.73,118.03,106.47,103.15,108.74,33.75,853,1238.74,8491,1758.75,353.5,445,4706,1596.25,58.01,1.53,0.469,1.212,1.735,2.616,0.11,1.34,-0.06,0.633,-0.205,0.591,3.9,3.3,4.9,101,99.5,98.1,1916.66
135,10875.3,1188.21,1051.68,1322.22,369839889,97.5,95.393,96.96,94.88,75.584,84.625,68,68,68,1.498,1.854,1.979,1.5,17685.09,4869.85,3004.93,9965.51,16758.67,2840.9,20776.7,3003.92,103.73,6344090.8,85.8,91,103.7,110.44,117.45,107.22,103.25,109.21,38.34,910.75,1232.7,8449,1808,351.5,473.5,4881,1510.75,58.44,1.56,0.376,1.205,1.769,2.612,0.15,1.42,-0.029,0.629,-0.244,0.588,3.8,3.2,5,101.9,99.9,97.3,1995.85
136,6619.7,1147.51,1044.3,1300.69,372481509,97.74,95.573,94.11,93.14,75.615,84.718,70,71,70,1.468,1.81,1.94,1.5,17773.64,4775.36,3028.21,10038.97,16666.05,2838.52,21067.05,2938.32,100.8,6072348.8,86.1,91.2,99.1,110.65,117.22,107.32,103.46,109.72,45.92,1021,1292.99,9409,1933,390.25,478,5064,1669.75,63.76,1.54,0.381,1.294,1.833,2.678,0.27,1.6,-0.075,0.637,-0.251,0.591,3.6,3.2,5.1,100.1,99.2,97.6,1994.15
137,9703.4,1171.51,1074.8,1323.56,370896643,97.86,95.63,96.37,96.37,75.665,84.814,71,71,71,1.455,1.787,1.91,1.5,17787.2,4948.06,3063.48,10262.74,17234.98,2791.06,20815.09,2916.62,96.88,6035393.6,86.5,91.7,102.2,110.72,116.76,107.86,103.57,110.17,49.1,1078.5,1215.33,8389,1922.75,404.75,464.5,4697,1543.75,63.94,1.53,0.447,1.372,1.846,2.648,0.14,1.43,-0.105,0.686,-0.261,0.588,3.6,3.2,4.8,103.1,98.7,97.4,1983.4
138,10986.1,1170.5,1107.53,1315.43,369889849,98.09,95.611,96.52,97.11,75.734,84.895,71,71,71,1.334,1.617,1.789,1.25,17929.99,4842.67,2864.74,9680.09,15575.92,2840.93,20794.37,2929.61,91.55,6539869.4,86.7,92.1,112.3,110.7,116.53,107.97,103.46,110.53,48.33,1175,1322.2,9401,2102,358.75,431.25,4840,1643,62.82,1.3,0.35,1,1.47,2.285,-0.13,0.87,-0.217,0.654,-0.286,0.558,3.5,3.1,4.9,103.1,99.2,97.9,1970.35
139,7581,1144.09,1099.08,1265.39,371383929,97.98,95.431,94.47,94.41,75.832,84.981,71,72,70,1.218,1.401,1.65,1.25,18432.24,5162.13,2990.76,10337.5,16569.27,2868.69,21891.37,2979.34,104.94,6280681.1,87.1,92.6,99.5,110.49,116.76,108.4,103.25,110.35,41.6,1032.5,1351,10587,2242.5,334.5,407.75,4915,1636.25,74.16,1.27,0.366,1.024,1.453,2.183,-0.12,0.69,-0.19,0.759,-0.297,0.494,3.6,3,4.8,102.1,99.7,98,2016.19
140,6282.8,1111.68,1097.61,1245.95,375459420,98.07,95.677,92.73,92.73,75.927,85.061,72,71,73,1.238,1.417,1.645,1.25,18400.88,5213.22,3023.13,10592.69,16887.4,2820.59,22976.88,3085.49,98.43,6492124.4,87.5,93,101.7,110.77,116.88,108.29,103.25,110.45,44.7,960,1308.97,9708,2318.75,301.5,361,4606,1595.25,65.32,1.29,0.457,1.198,1.58,2.232,-0.07,0.64,-0.063,0.839,-0.299,0.388,4,3.1,4.9,101,100.6,97.9,2034.65
141,6272,1107.49,1087.49,1241.09,377770474,98.3,96.247,93.46,92.89,76.031,85.145,72,71,73,1.312,1.512,1.704,1.25,18308.15,5312,3002.24,10511.02,16449.84,2869.47,23297.15,3004.7,90.38,5988106.7,87.9,93,96.2,111.43,117.68,108.29,103.36,110.72,48.24,954,1315.75,10528,2377,336.75,402,4848,1664.75,68.29,1.32,0.432,1.149,1.594,2.315,-0.12,0.75,-0.089,0.854,-0.301,0.383,4,3,5,101.6,101,97.8,2043.63
142,6239.3,1125.28,1084.08,1240.57,375166658,98.59,96.379,96.61,96.93,76.215,85.296,71,71,72,1.361,1.596,1.781,1.25,18142.42,5189.14,3055.25,10665.01,17425.02,2813.87,22934.54,3100.49,91.4,6226367.6,88.3,93.1,101.3,111.59,117.57,108.5,103.99,110.86,46.86,1002.25,1277.3,10437,2453.5,354.75,416.25,4841,1734,68.86,1.42,0.493,1.307,1.826,2.58,0.16,1.25,-0.048,0.884,-0.313,0.404,3.8,3,4.9,100.3,101.1,97.9,2008.19
143,6926.4,1161.64,1074.17,1254.4,371985331,99.03,96.237,100.28,99.28,76.407,85.456,73,72,73,1.609,1.965,2.021,1.25,19123.58,5323.68,3051.61,10640.3,18308.48,2905.17,22789.77,3250.04,91.49,6426473.5,88.6,93.6,109.9,111.42,117.68,107.75,103.99,110.68,49.44,1032.25,1173.25,11196,2688,336.75,380.5,5813,1731.25,72.46,1.62,0.605,1.842,2.381,3.034,0.28,1.42,0.025,0.934,-0.314,0.385,3.6,3,4.7,105,102.1,97.5,1983.48
144,9232.8,1182.28,1019.36,1245.51,371101605,99.9,96.342,103.38,103.46,76.463,85.514,73,72,74,1.692,2.159,2.162,1.25,19762.6,5383.12,3290.52,11481.06,19114.37,2880.76,22000.56,3103.64,94.33,6651937.5,89.1,94,124.3,111.54,117.91,108.5,103.78,110.72,53.72,996.5,1152.27,9964,2557.75,352,408,5523,1704,70.65,1.47,0.61,1.927,2.444,3.065,0.21,1.24,0.046,0.998,-0.319,0.367,3.4,3,4.7,104,101.5,98.2,2026.46
145,6908.6,1185.1,1029.58,1257.71,374036338,101.35,97.366,104.63,105.75,76.481,85.544,74,75,74,1.643,2.111,2.104,1.25,19864.09,5614.79,3230.68,11535.31,19041.34,3046.8,23360.78,3159.17,98.53,6032404.1,89.5,94.6,96.9,112.73,119.17,107.86,103.57,111.37,52.81,1024.5,1210.65,9900,2852.75,359.75,420.75,5994,1815,74.94,1.43,0.631,1.913,2.453,3.061,0.44,1.42,0.087,1.035,-0.327,0.356,3.4,3,4.7,106.8,100.7,97.9,2067.57
146,8166.7,1144.92,1012.77,1219.46,373908551,101.74,97.632,103.15,103.51,76.489,85.564,74,76,73,1.665,2.163,2.13,1.25,20812.24,5825.44,3319.61,11834.41,19118.99,3096.61,23740.73,3241.73,98.12,5972352.6,89.9,94.9,99.2,113.04,118.94,108.5,103.46,111.72,54.01,1025,1248.33,10927,2817.25,366.75,424.75,5967,1919.75,75.33,1.41,0.738,1.929,2.39,2.995,0.21,1.15,0.056,1.064,-0.33,0.357,3.9,2.9,4.6,105,101.4,97.6,2091.64
147,5326.2,1134.77,1004.41,1213.1,375302146,101.7,97.565,101.79,101.29,76.509,85.583,78,79,76,1.709,2.221,2.208,1.25,20663.22,5911.74,3500.93,12312.87,18909.26,3175.11,24111.59,3222.51,100.7,6720919.5,90.3,95.3,125.5,112.96,118.6,108.72,103.46,111.81,50.6,946,1249.35,9963,2750.25,364.25,426.5,5816,1952.25,77.33,1.42,0.896,1.921,2.387,3.01,0.33,1.14,0.07,1.15,-0.329,0.337,3.7,2.8,4.4,107.1,101.5,98.2,2160.23
148,6866.7,1132.73,1029.02,1213.41,376573253,101.48,97.442,102.48,101.72,76.538,85.6,80,83,78,1.678,2.182,2.195,1.25,20940.51,6047.61,3559.59,12438.01,19196.74,3175.44,24615.13,3154.66,114.09,6448501.2,90.7,95.5,115.5,112.82,118.6,109.15,103.88,112.14,49.33,945.25,1268.29,9404,2618.5,358,418.5,5711,1903,80.23,1.38,0.968,1.814,2.28,2.951,0.32,1.09,0.018,1.172,-0.329,0.325,3.9,2.8,4.4,104.6,103.8,99.1,2205.44
149,3163.6,1125.28,1002.87,1245.11,378456235,101.21,97.546,101.26,100.28,76.578,85.623,80,82,79,1.69,2.257,2.216,1.25,21008.65,6198.52,3554.59,12615.06,19650.57,3210.82,25660.65,3117.18,115.67,6174774.4,91.1,95.9,123,112.94,118.71,109.15,103.99,112.23,48.32,916,1268.94,8922,2587,372,429.25,5658,1925.75,76.98,1.35,1.065,1.752,2.203,2.863,0.3,1.05,0.049,1.21,-0.329,0.294,3.5,3,4.4,105.4,102.2,99.3,2347.38
150,5605,1130.04,1019.24,1268.83,380568047,100.81,97.338,101.01,99.07,76.711,85.68,77,78,75,1.673,2.165,2.208,1.25,21349.63,6140.42,3441.88,12325.12,20033.43,3226.48,25764.58,3192.43,111.37,7137819.8,91.5,96.1,131.9,112.7,118.48,109.47,103.88,112.34,46.04,942.25,1241.55,9347,2753.25,370.5,511,5927,1913.5,75.31,1.38,1.132,1.888,2.304,2.835,0.47,1.26,0.086,1.299,-0.331,0.307,3.7,2.8,4.3,103.9,103,99.4,2391.79
151,6131.3,1134.4,1008.68,1305.93,383755561,100.89,97.499,102.15,99.57,76.891,85.745,78,78,79,1.74,2.252,2.278,1.25,21891.12,6348.12,3449.36,12118.25,19925.18,3329.52,27323.99,3273.03,111.31,6750921.7,91.8,96.3,120.2,112.88,118.37,109.9,103.67,112.26,50.17,994.5,1269.43,10169,2785,370.75,474.5,6336,1895.75,70.5,1.37,1.132,1.836,2.294,2.9,0.54,1.23,0.083,1.311,-0.33,0.286,3.5,2.8,4.3,104.5,102.5,99.2,2402.71
152,7060.8,1130.79,1029.7,1336.51,384839045,101.35,98.058,102.73,101.13,77.074,85.796,77,78,75,1.78,2.287,2.32,1.25,21948.1,6428.66,3421.47,12055.84,19646.24,3277.26,27970.3,3360.81,96,6909821.9,92.2,96.5,114.1,113.53,118.94,110,103.88,112.59,47.23,936.25,1321.4,11740,3141.5,342.25,410.25,6760,2098.75,71.48,1.35,1.068,1.702,2.117,2.726,0.36,1.03,0.009,1.318,-0.329,0.277,4,2.8,4.4,104.2,103.8,98.8,2363.19
153,9283.9,1131.59,1022.47,1347.86,384673968,102.03,98.172,103.91,102.92,77.139,85.832,81,83,79,1.785,2.286,2.333,1.25,22405.09,6495.96,3594.85,12828.86,20356.28,3219.91,27554.3,3348.94,101.27,7078827.2,92.4,96.9,120.3,113.66,119.63,110.11,104.2,113.19,51.67,968.25,1280.15,10416,3205.25,355.25,448.25,6432,2080,69.08,1.37,1.186,1.936,2.334,2.86,0.46,1.37,0.068,1.334,-0.329,0.335,3.7,2.8,4.3,105.3,102.6,98.9,2394.47
154,4654.9,1131.57,1001.7,1331.28,384462718,102.14,98.077,104.45,103.5,77.226,85.878,78,81,76,2.026,2.455,2.574,1.25,23377.24,6727.67,3673.95,13229.57,22011.61,3374.08,28245.54,3393.34,109.8,5476338.8,92.7,97,100.9,113.55,119.75,109.9,104.2,113.12,54.38,973.75,1271.08,12257,3322,345.75,418.5,6817,2141.75,68.38,1.45,1.278,2.017,2.379,2.879,0.36,1.33,0.071,1.381,-0.331,0.44,3.7,2.7,4.2,105.2,103.2,100.1,2523.43
155,6777.4,1105.04,978.92,1296.16,387251220,102.04,97.347,102.82,103.25,77.332,85.896,80,83,79,2.15,2.54,2.709,1.5,24272.35,6873.97,3569.93,13023.98,22724.96,3433.54,29177.35,3317.19,116.95,7141194.7,92.9,97.4,118.4,112.71,119.75,109.47,104.52,113.12,57.4,985.75,1274.94,11050,3177.25,341.75,409.25,6735,2034,75.04,1.68,1.437,2.138,2.41,2.827,0.37,1.33,0.039,1.487,-0.329,0.521,3.7,2.7,4.2,105.6,104,100.4,2476.37
156,5286.7,1085.78,961.24,1284.44,389266683,102.09,97.698,101.27,102.53,77.411,85.906,81,81,81,2.1,2.472,2.649,1.5,24719.22,6903.39,3503.96,12917.64,22764.94,3402.92,29919.15,3307.17,109.22,6979800.3,93,97.2,130.5,113.11,120.09,110,104.83,113.06,60.42,951.75,1303.05,12706,3337.5,350.75,427,7207,2256,78.63,1.7,1.527,2.206,2.405,2.74,0.43,1.19,0.048,1.694,-0.329,0.521,3.6,2.7,4.1,103.3,105.5,100.6,2467.49
157,6354.7,1066.7,960.65,1299.57,395754579,102.52,98.106,101.04,103.37,77.556,85.92,78,77,80,2.19,2.626,2.722,1.5,26149.39,7411.48,3609.29,13189.48,23098.29,3533.99,32887.27,3480.83,112.79,7169435.6,93.3,97.5,117.9,113.58,120.9,109.36,104.94,113.67,64.73,995.75,1345.15,13560,3595.5,361.5,451.75,7079,2219,77.28,1.64,1.648,2.514,2.705,2.935,0.7,1.51,0.085,1.778,-0.328,0.522,3.3,2.4,4,105.4,101.3,100.5,2566.46
158,3869.8,1079.58,998.14,1332.23,394798667,102.95,98.855,102.27,103.84,77.723,85.93,77,75,79,2.277,2.77,2.815,1.5,25029.2,7273.01,3438.96,12435.85,22068.24,3517.94,30844.72,3259.41,105.06,6037596.1,93.5,97.8,110.2,114.45,122.39,109.68,104.94,114.19,61.64,1045,1318.38,13744,3477,374.5,484.5,6895,2153.5,81.65,1.64,1.847,2.64,2.861,3.124,0.66,1.5,0.053,2.017,-0.327,0.582,3.7,2.5,4.1,106,103.8,100.9,2427.36
159,6136.7,1071.89,1010.98,1322.89,396753590,102.91,98.751,100.82,104.39,77.917,85.922,77,74,79,2.271,2.708,2.831,1.5,24103.11,7063.45,3361.5,12096.73,21454.3,3427.97,30093.38,3168.9,103.38,6905071,93.8,98,128.3,114.33,121.01,110.33,104.62,114.45,64.94,1044.75,1325,13253,3284,387.75,451,6679,1986.75,81.46,1.65,1.914,2.562,2.739,2.974,0.5,1.35,0.049,2.312,-0.328,0.712,4.1,2.5,4,104.7,104.9,101.4,2445.85
160,6055.6,1067.76,993.5,1311.84,398421500,103.04,98.931,101,105.53,78.049,85.904,79,77,80,2.192,2.655,2.794,1.5,24163.15,7066.27,3536.52,12612.11,22467.87,3613.93,30808.45,3082.23,105.14,7081915.1,93.8,98.1,118.7,114.54,120.78,110.54,104.52,114.9,68.57,1037.75,1315.35,13593,3125.5,392.5,512.5,6770,2256.5,84.68,1.65,2.001,2.797,2.953,3.124,0.56,1.42,0.055,2.363,-0.329,0.71,3.8,2.5,4,107.1,104.3,102.4,2515.38
161,8218.6,1076.39,981.28,1271.8,398980563,103.34,98.979,102.75,108.64,78.127,85.857,81,78,84,2.25,2.757,2.86,1.5,24415.84,7442.12,3406.65,12604.89,22201.82,3428.18,30468.56,3095.47,105.63,6787254.4,94.1,98.2,118.1,114.6,120.55,111.4,104.73,115.38,67.04,1018.5,1298.52,15158,3097.5,394,526.25,6845,2289.25,93.15,1.65,2.077,2.696,2.859,3.025,0.34,1.23,0.04,2.321,-0.321,0.611,3.8,2.2,3.8,108.1,104.6,101.5,2423.01
162,5562.2,1092.8,993.26,1275.06,400298586,103.37,98.779,103.55,110.01,78.203,85.808,80,80,80,2.175,2.656,2.805,1.5,24271.41,7510.3,3395.6,12306,22304.51,3268.7,28955.11,2847.42,101.77,6734058.9,94.3,98.5,115.5,114.36,120.55,111.51,104.62,115.56,74.15,858.5,1253.16,14823,2906.5,350.25,497.5,6625,2153.5,85.38,1.68,2.105,2.738,2.86,2.989,0.3,1.28,0.036,2.336,-0.321,0.674,3.6,2.4,4,107.7,103.6,102.3,2326.13
163,6708.3,1122.8,1007.84,1312.03,402447534,103.85,98.59,106.14,111.5,78.293,85.773,75,74,76,2.097,2.549,2.75,1.5,25415.19,7671.79,3525.49,12805.5,22553.72,3319.85,28583.01,2876.4,91.39,7426721.1,94.5,98.6,109.7,114.14,120.9,111.93,104.62,115.57,68.76,903.75,1224.09,13939,2676,372.25,553.75,6279,2060.75,90.28,1.68,2.191,2.848,2.96,3.082,0.44,1.33,0.062,2.349,-0.319,0.798,3.8,2.5,3.8,107.9,103.8,102.4,2295.26
164,9339.6,1121.15,1009.76,1296.08,401131047,104.32,99.462,106.09,111.18,78.46,85.762,74,73,74,2.019,2.458,2.656,1.5,25964.82,8109.54,3392.9,12364.06,22865.15,3213.48,27888.55,2725.25,96.4,7173348,94.5,98.6,103.3,115.15,121.7,112.04,105.26,115.63,69.8,833,1201.4,12708,2461.75,351,518.5,5968,2101.5,82.31,1.66,2.26,2.738,2.86,3.019,0.33,1.43,0.107,2.321,-0.319,0.801,4.6,2.5,3.8,108.4,103.6,103.2,2322.88
165,8180.6,1120.6,1002.78,1304.74,402999746,104.62,100.221,106.3,113.03,79.232,85.903,75,73,76,1.953,2.315,2.403,1.5,26458.31,8046.35,3399.2,12246.73,24120.04,3257.05,27788.52,2821.35,101.08,5974287.2,94.6,98.5,97.6,116.03,122.51,112.26,105.36,115.77,73.25,845.5,1192.5,12507,2658.5,356.25,509,6264,2048,76.76,1.71,2.364,2.953,3.061,3.206,0.47,1.57,0.13,2.398,-0.318,0.8,4.1,2.3,3.7,106.3,103.3,103.2,2343.07
166,7270.2,1130.81,1002.97,1299.55,402747935,104.26,100.041,106.82,115.02,79.677,85.989,73,71,76,2.01,2.338,2.452,1.5,25115.76,7305.9,3197.51,11447.51,21920.46,3018.8,24979.69,2602.78,87.38,7378457.3,94.6,98.5,107.2,115.82,122.74,112.47,105.68,115.97,65.31,839,1214.76,11426,2551.75,363.25,500.5,6037,1934.75,76.86,1.81,2.489,2.975,3.144,3.391,0.39,1.44,0.127,2.559,-0.318,0.817,4,2.4,3.8,108.3,105.3,103,2029.69
167,4393.7,1128.58,996.02,1282.44,402987219,103.53,99.33,103.48,109.36,79.799,86.019,74,73,74,1.94,2.209,2.403,1.75,25538.46,7330.54,3173.13,11257.24,22351.06,3117.61,26506.75,2588.19,93.82,7465356.6,94.6,98.5,105.6,115,122.28,111.72,105.47,115.58,50.93,894.75,1222.5,11136,2655,366.5,515.75,6227,1957.25,77.16,1.85,2.52,2.813,2.988,3.29,0.31,1.36,0.092,2.736,-0.316,0.893,3.9,2.5,3.8,106.1,104.1,103.1,2096.86
168,5376.9,1122.9,999.21,1277,403694264,103.03,98.988,100.61,105.31,79.861,86.01,72,71,73,1.825,1.992,2.304,1.75,23327.46,6635.28,3001.42,10558.96,20014.77,3068.76,25845.7,2493.9,92.51,7341960.4,94.7,98.6,112.5,114.61,122.39,111.72,105.15,115.22,45.41,882.5,1282.45,10605,2518.5,375,503.25,5949,1862.75,72.2,1.9,2.475,2.511,2.684,3.015,0.24,1.28,0.003,2.808,-0.309,0.912,3.7,2.5,3.9,103.9,104.4,103.1,2041.04
169,6676.4,1122,1030.47,1281.52,405513163,102.92,98.884,99.23,105.14,79.877,85.98,69,67,71,1.807,1.991,2.263,1.75,24999.67,7281.74,3159.43,11173.1,20773.49,3190.17,27942.47,2584.57,97.39,7606310.3,94.8,99,100.2,114.49,122.97,110.86,105.15,115.43,53.79,915.25,1321.2,12407,2730,376.5,516.5,6151,1892,74.4,1.86,2.453,2.437,2.629,2.996,0.15,1.22,0.005,2.738,-0.308,0.912,3.9,2.5,4,105.1,102.4,102.5,2204.85
170,2318.2,1122.45,1016.48,1272.47,404673960,103.02,99.311,99.65,107.47,79.824,85.844,69,69,70,1.802,1.988,2.249,1.75,25916,7532.53,3298.26,11515.64,21385.16,3212.69,28633.18,2940.95,96.02,5866604.8,95,98.7,82.7,114.98,124.23,111.29,105.15,115.92,57.22,897.5,1313.31,12969,2813.5,362,452.5,6556,1889.5,71.74,1.87,2.494,2.512,2.715,3.08,0.18,1.3,-0.022,2.615,-0.309,0.852,3.8,2.4,3.8,101.7,102.9,101.9,2195.44
171,4398.7,1130.72,1017.35,1278.47,405252892,103.38,99.121,99.84,109.28,79.74,85.702,73,73,73,1.789,1.953,2.244,1.75,25928.68,7729.32,3351.71,11526.04,21205.81,3212.88,29051.36,3090.76,95.9,7193812.5,95.3,98.8,109,114.76,123.77,111.72,105.15,116.58,60.14,884.25,1292.3,12897,2999.75,356.5,457.75,6487,1893,77.61,1.87,2.423,2.233,2.405,2.814,-0.07,1,-0.081,2.6,-0.311,0.848,3.9,2.5,3.8,104,102.5,101.9,2140.67
172,4130.1,1140.95,1021.89,1281.77,404029052,103.68,99.481,100.51,111.21,79.63,85.564,74,75,74,1.736,1.889,2.207,1.75,26592.91,8095.39,3514.62,12344.08,22258.73,3400.2,29699.11,3078.34,101.71,8005998.1,95.6,98.8,113.6,115.18,123.89,112.79,105.47,117.19,63.91,841.25,1283.55,12132,2960,353.25,418.5,6427,1783,75.98,1.83,2.444,2.278,2.502,2.929,0.01,1.19,-0.04,2.576,-0.31,0.817,4.1,2.4,3.6,106.5,102.7,101.4,2203.59
173,5429.9,1183.29,1075.9,1323.65,401972476,103.79,99.652,103.07,113.57,79.577,85.487,73,76,71,1.679,1.828,2.153,1.75,24815.04,7453.15,3280.43,11726.84,20601.19,3117.76,26901.09,2898.7,94.94,7646214.3,95.7,99.3,108.6,115.37,123.89,113.01,105.47,117.44,53.5,877.75,1305.45,11972,2668,427,503,5806,1773,68.08,1.78,2.345,1.911,2.125,2.569,-0.2,0.89,-0.094,2.503,-0.322,0.796,3.9,2.3,3.7,106.2,103.9,101.5,2041.74
174,3950,1175.62,1087.71,1327.32,403071937,103.5,99.491,100.79,109.36,79.508,85.401,74,75,74,1.496,1.618,2.004,1.75,26599.96,8006.24,3473.69,12398.8,21275.92,3321.61,28542.62,2978.88,95.01,7156551.6,95.7,99.5,107.8,115.19,123.77,113.33,105.26,117.47,58.47,899.75,1409.45,12617,2565,420.25,528,5982,1779.75,63.15,1.7,2.09,1.766,2.005,2.529,-0.33,0.83,-0.158,2.32,-0.345,0.774,3.9,2.3,3.6,105.6,101.4,101.6,2130.62
175,5522.1,1175.31,1085.91,1319.42,403112528,103.5,99.187,100.44,110.23,79.502,85.346,73,73,72,1.382,1.506,1.885,1.5,26864.27,8175.42,3466.85,12189.04,21521.53,3300.75,27777.75,2932.51,89.57,8200643.4,95.8,99.7,107.7,114.84,124.23,113.86,105.26,117.66,58.58,864,1413.9,14452,2441.5,400.25,487.25,5902,1771.25,63.22,1.51,2.067,1.827,2.014,2.525,-0.44,0.61,-0.153,2.266,-0.375,0.773,4,2.3,3.7,108.1,101.8,101.1,2024.55
176,5770.4,1208.98,1137.45,1345.55,401483478,103.74,99.425,101.81,111.01,79.546,85.342,69,68,70,1.164,1.254,1.689,1.5,26403.28,7962.88,3426.76,11939.28,20704.37,3106.52,25724.73,2886.24,83.5,7708830,95.9,100,102,115.11,125.15,113.65,105.47,117.66,55.1,857,1520.3,18004,2212,358,451.25,5656,1724.25,59.05,1.45,1.867,1.387,1.496,1.963,-0.7,0.48,-0.269,2.138,-0.433,0.759,3.5,2.3,3.7,106,100.5,101.9,1967.79
177,5033.4,1197.55,1115.69,1318.51,403320096,103.8,99.794,100.96,110.73,79.589,85.331,72,71,72,1.287,1.42,1.792,1.5,26916.83,7999.34,3569.45,12428.08,21755.84,3119.99,26092.27,2905.19,95.32,7263623.6,96.3,100.3,97.4,115.54,126.18,113.65,105.57,117.75,54.07,906,1472.38,17219,2428.5,388,495.75,5695,1701.5,59.75,1.51,1.813,1.544,1.665,2.111,-0.57,0.49,-0.213,2.085,-0.418,0.758,3.5,2.4,3.5,108.5,102.5,101.6,2063.05
178,6618,1184.13,1094.19,1309.03,406323989,103.56,100.041,98.87,108.14,79.664,85.378,73,72,74,1.357,1.577,1.861,1.25,27046.23,8292.36,3604.41,12866.79,22927.04,3229.88,26906.72,2929.06,92.99,8018838,96.8,100.5,106.9,115.82,127.33,113.76,105.89,118.02,54.18,916.75,1512.93,16680,2525,390,508.75,5770,1754,64.44,1.44,1.547,1.52,1.691,2.179,-0.41,0.63,-0.133,1.902,-0.394,0.809,3.5,2.4,3.6,108.1,98.3,100.7,2083.48
179,5444.7,1167.45,1072.87,1290.56,407460269,103.41,99.481,96.74,107.11,79.776,85.442,74,74,75,1.492,1.75,2.002,1.25,28051.41,8665.47,3703.58,13236.38,23293.91,3193.92,26346.49,2871.98,104.01,8104711.6,97.4,100.5,107.4,115.18,127.79,112.9,105.99,117.96,55.17,876.75,1463.94,13618,2299.5,371.25,547.5,5843,1792,64.4,1.53,1.601,1.626,1.776,2.205,-0.36,0.7,-0.073,1.906,-0.401,0.793,3.7,2.3,3.6,108,97.7,101.3,2087.96
180,4384.4,1175.84,1077.22,1306.33,408816146,103.7,99.719,97.41,108.83,80.054,85.576,76,74,78,1.39,1.653,1.948,1.25,28538.44,8972.6,3745.15,13249.01,23656.62,3222.83,28189.75,3050.12,105.59,8598158.5,98,101.1,125.7,115.45,127.79,113.44,105.99,117.85,61.06,943,1517.27,13950,2279.5,387.75,558.75,6149,1781.25,69.05,1.51,1.578,1.691,1.918,2.39,-0.19,0.82,-0.011,1.908,-0.383,0.792,3.5,2.2,3.6,110.6,97.8,101,2197.67
181,4356,1164.28,1065.25,1293.7,409652586,104.08,100.09,96.75,107.94,80.337,85.717,75,76,73,1.373,1.656,1.955,1.25,28256.03,9150.94,3640.91,12981.97,23205.18,3153.73,26312.63,2976.53,102.02,8051022.8,98.3,101.4,97.8,115.88,129.63,112.79,105.99,118.31,51.56,872.5,1586.71,12772,2212,381.25,553.75,5551,1705.5,67.5,1.42,1.524,1.313,1.507,2,-0.43,0.52,-0.066,1.751,-0.393,0.765,3.5,2.4,3.5,107.1,98.1,100.5,2119.01
182,5581.5,1193.79,1084.95,1302.33,409171436,103.74,100.16,97.63,106.39,80.634,85.869,65,65,64,1.253,1.54,1.847,1.25,25409.36,8567.37,3329.49,11890.35,21142.96,3011.08,26129.93,2880.3,82.04,7906007.3,98.6,101,96.4,115.96,130.67,113.13,105.78,118.63,44.76,883.5,1585.85,12187,2009.75,366.5,529,5617,1676.5,61.59,1.26,1.153,0.936,1.149,1.675,-0.61,0.44,-0.153,1.463,-0.424,0.673,3.4,2.4,3.5,103.2,98.4,100.7,1987.01
183,6529.6,1220.09,1134.75,1350.35,400214398,102.82,99.94,96.08,100.7,81.084,86.019,54,56,53,1.091,1.485,1.84,0.75,21917.16,7700.1,2786.9,9935.84,18917.01,2481.23,23603.48,2750.3,71.21,9269856,98.4,100.1,120.7,115.71,129.06,113.36,105.78,118.37,20.48,886,1577.18,11435,1894.75,340.75,568.75,4939,1492.5,51.13,1.18,0.14,0.38,0.67,1.321,-0.47,0.36,0.022,1.451,-0.363,0.596,3.9,2.5,4.4,108.8,96.3,96.8,1754.64
184,-1076.5,1225.23,1135.31,1331.71,403982333,101.93,99.5,94,95.01,81.27,86.086,51,52,50,1.024,1.504,2.145,0.75,24633.86,8914.71,2996.08,11107.74,19771.19,2574.73,24643.59,2822.44,80.4,8611922.8,98.5,99.2,115.4,115.2,127.91,113.47,105.68,117.58,15.06,831.75,1713.4,12246,1939.5,304.5,519.5,5233,1466.25,58.02,1.01,0.096,0.367,0.627,1.25,-0.5,0.29,-0.038,0.687,-0.261,0.618,3.9,2.6,14.7,104.2,87.1,83.9,1947.56
185,1621.3,1228.67,1145.65,1338.74,407310604,101.96,99.44,94.46,98.82,81.382,86.14,53,49,56,0.878,1.394,2.179,0.5,25383.11,9489.87,3050.2,11586.85,21877.89,2510.75,22961.47,2852.35,90.36,7988371.8,98.5,98.3,111.3,115.13,126.87,113.47,105.57,117.58,35.49,840.75,1730.27,12260,1992.75,325.75,520.75,5352,1526.25,57.59,0.73,0.152,0.304,0.653,1.406,-0.45,0.18,0.005,0.344,-0.307,0.228,4.3,2.8,13.2,96.8,78.3,85.2,2029.6
186,5759.6,1210.01,1124.69,1361.77,410754278,102.48,99.71,95.01,101.26,81.776,86.374,56,51,60,0.85,1.392,2.218,0.5,25812.88,10058.77,3234.07,12310.93,22288.14,2589.91,24427.19,2984.67,98.84,9116289.5,99.1,98.5,122.1,115.44,126.87,113.58,105.36,118.23,39.27,884.25,1780.96,12758,2036.75,338.5,490,6005,1601.75,60.98,0.69,0.13,0.288,0.656,1.411,-0.45,0.17,0.028,0.302,-0.422,0.141,4.2,2.8,11,103.1,82.1,90.8,2108.33
187,6551.9,1198.9,1122.38,1372.98,416525863,102.71,99.63,95.08,100.42,82.495,86.752,62,59,65,0.826,1.36,2.219,0.5,26428.32,10745.27,3174.32,12313.36,21710,2529.82,24595.35,3310.01,106.02,8966197.4,99.7,98.8,115.7,115.35,126.41,112.68,105.47,118.82,40.27,897.5,1975.87,13738,2308,316,531.25,6422,1675.2,62.3,0.58,0.089,0.204,0.528,1.193,-0.52,0.1,0.02,0.249,-0.463,0.084,4.2,2.9,10.2,104.2,87.4,94.2,2249.37
188,6064.5,1186.85,1119.52,1403.36,418950799,103.22,100.19,95.03,99.34,83.137,87.207,66,66,66,0.829,1.373,2.192,0.5,28430.05,11775.46,3272.51,12945.38,23139.76,2532.51,25177.05,3395.68,99.47,8024903,100.5,99.4,100.2,116,128.14,112.68,105.57,119.2,42.61,951.25,1967.81,15337,2491.25,348.5,544.25,6698,1764.5,64.41,0.61,0.107,0.267,0.705,1.475,-0.4,0.31,0.051,0.241,-0.477,0.064,3.7,3,8.4,105.7,89.9,95.1,2326.17
189,6318.6,1178.8,1116,1391.02,420545100,103.42,100.74,94.99,98.23,83.798,87.962,64,68,62,0.908,1.5,2.239,0.5,27452.66,11085.25,3214.3,12825.82,23539.1,2471.61,23275.53,3224.36,99.39,8860923.9,101.1,100,114.9,116.63,128.37,112.68,105.36,119.36,39.29,993,1898.08,14416,2410.75,364.75,549.5,6574,1749.5,64,0.68,0.101,0.255,0.65,1.415,-0.55,0.18,0.017,0.225,-0.494,0.066,4.1,3,7.9,111,92,95,2327.89
190,13843.1,1144.68,1088.09,1347.55,426509822,103.01,100.18,92.73,96.06,84.359,88.689,74,79,69,0.91,1.507,2.239,0.5,26501.6,10911.59,2958.21,11556.48,22977.13,2423.84,24107.42,3224.53,104.76,8658569.4,101.7,100.6,104.9,115.99,128.02,112.91,105.26,119.41,35.79,1056.5,1878.81,15123,2513.75,398.5,598.5,6708,1847,68.92,0.64,0.096,0.384,0.874,1.66,-0.63,0.26,0.042,0.216,-0.523,0.045,4.2,3.1,6.9,110.1,93.7,95.6,2267.15
191,8445.6,1116.76,1069.4,1320.66,436377224,103.09,100.09,92.3,96.05,85.568,90.181,78,85,73,0.965,1.61,2.247,0.5,29638.64,12198.74,3492.54,13291.16,26433.62,2805.95,26341.49,3391.76,112.67,9656144.2,102.5,101.3,112.3,115.88,127.22,112.68,104.94,119.34,45.34,1168.5,1776.95,15985,2776.2,419.75,580.25,7569,2036,70.59,0.69,0.091,0.361,0.839,1.567,-0.57,0.31,0.032,0.228,-0.526,0.045,4.2,2.9,6.7,110.5,94,96,2591.34
192,11906.4,1095.13,1054.81,1331.75,443098121,103.9,100.33,92.84,98.02,86.735,91.176,75,82,68,0.97,1.675,2.211,0.5,30606.48,12888.28,3552.64,13718.78,27444.17,2843.81,27231.13,3473.07,113.35,10354240.3,103.1,101.4,132.8,116.16,128.14,112.79,104.73,119.45,48.52,1315.25,1898.36,16554,2729.33,484,640.5,7749,1973.6,78.12,0.81,0.081,0.361,0.913,1.645,-0.57,0.2,0.021,0.238,-0.545,0.026,4.3,3,6.7,112,94.1,97.1,2873.47
193,8992.9,1097.49,1058.52,1336.31,442727709,105.05,101.04,94.89,101.64,87.767,91.934,77,85,70,0.975,1.731,2.143,0.5,29982.62,13070.69,3481.44,13432.87,27663.39,2902.52,28283.71,3483.07,114.01,9362498.2,103.8,101.4,117.6,116.98,129.34,114.15,105.26,119.96,52.2,1370,1847.65,17648,2556.5,547,663,7862,1981.88,80.64,0.75,0.066,0.419,1.066,1.829,-0.52,0.33,0.054,0.202,-0.548,0.039,4.8,2.9,6.3,112.4,96.2,97.9,2976.21
194,7360.9,1111.72,1055.14,1344.6,447557482,105.91,101.58,98.23,106.12,88.962,92.627,76,82,72,0.995,1.845,2.055,0.5,30932.37,13192.35,3636.44,13786.29,28966.01,2949.04,28980.21,3509.08,107.14,8374669.5,104.3,101.7,103.9,117.61,130.11,114.83,105.26,120.62,61.5,1405.25,1734.038,18532,2775.5,555.5,655,9139,2149.25,87.82,0.73,0.046,0.731,1.405,2.151,-0.26,0.82,0.162,0.188,-0.53,0.066,4,2.9,6.2,115.9,96.1,94.5,3012.95
195,7692.6,1131.02,1040.86,1346.74,446127385,107.04,101.84,101.78,109.81,90.135,93.273,83,89,77,1.133,2.04,2.091,0.5,32981.55,13246.87,3919.21,15008.34,29178.8,3165.34,28378.35,3441.91,114.07,10562202.7,104.9,102.5,132.4,117.91,129.47,115.39,105.36,121.47,59.16,1436.75,1707.71,16022,2805.25,564.25,618,8788,2187.5,80.88,0.76,0.03,0.939,1.74,2.411,-0.29,0.85,0.095,0.194,-0.538,0.088,4,2.7,6.1,115.3,97.3,97.3,3061.42
196,6945.8,1119.4,1025.98,1338.47,452309658,108.06,101.98,104.46,109.56,91.091,93.835,88,96,82,1.138,2.041,1.983,0.5,33874.85,13962.68,3974.74,15135.91,28812.63,3218.27,28724.88,3446.86,119.42,10888564.7,105.6,103.5,135,118.07,129.09,115.73,104.52,122.47,63.58,1571,1769.13,17653,2913.25,740,742.5,9829,2407.5,87.43,0.7,0.023,0.846,1.626,2.297,-0.2,0.84,0.097,0.176,-0.535,0.084,3.8,2.9,6.1,112.9,98.5,97.4,3147.86
197,9934.5,1123.28,1029.14,1363.91,456458881,108.65,102.05,106.39,112.81,91.964,94.372,88,96,81,1.134,2.131,1.891,0.5,34529.45,13748.74,4039.46,15421.13,28860.08,3164.28,29151.8,3615.48,115.54,9110842.1,106.4,103.8,124.3,118.15,128.96,115.96,104.83,123.45,66.32,1530.5,1906.87,18078,3043.55,656.75,663.5,10248,2458.51,82.12,0.64,0.02,0.8,1.594,2.282,-0.19,0.8,0.087,0.131,-0.544,0.081,3.8,2.9,5.8,112.6,92.6,98.3,3203.92
198,8304,1121.3,1018.5,1351.94,454105865,109.22,102.05,107.4,115.88,93.169,95.202,88,98,81,1.302,2.103,1.913,0.5,34502.51,14503.95,4064.3,15531.04,28791.53,3130.46,28827.95,3591.2,118.42,10692182.3,107,103.8,135.6,118.15,128.45,116.3,104.94,124.6,73.47,1450,1770.11,18212,2966.75,720,671.5,9352,2509.5,84.03,0.77,0.046,0.889,1.468,2.086,-0.21,0.72,0.058,0.146,-0.542,0.078,3.7,2.9,5.9,113.6,98.7,98.6,3296.68
199,6564.5,1143.98,1037.25,1352.72,458680900,110.28,102.26,111.58,120.05,94.256,96.053,87,97,79,1.419,1.976,1.888,0.5,34935.47,14672.68,4089.3,15544.39,27283.59,3166.94,25961.03,3397.36,117.3,10766237.4,107.2,104,128.6,118.39,128.83,116.86,105.15,125.2,73.95,1414.75,1814.18,19547,3028.5,547,703.75,9701,2598,89.83,0.76,0.046,0.69,1.222,1.892,-0.46,0.57,0.022,0.118,-0.544,0.074,3.3,2.8,5.4,114.4,98.2,99.2,3202.32
200,6071.9,1160.34,1056.31,1365.63,463933550,110.86,102.75,113,121.61,95.666,97.04,87,95,81,1.411,1.905,1.838,0.75,35360.73,15259.24,4196.41,15835.09,28089.54,3055.05,25878.99,3543.94,109.78,10600569.1,107.2,104.1,113.5,118.96,128.96,116.97,105.15,125.46,68.5,1298.75,1813.62,19590,2994,534,706.75,9528,2739,93.91,0.89,0.051,0.777,1.309,1.932,-0.38,0.71,0.025,0.12,-0.548,0.068,3.2,2.8,5.2,115.7,95.8,99.3,3199.27
201,6524.7,1169.54,1061.22,1378.19,463972259,111.27,103.17,114.38,124.4,97.123,97.976,84,90,79,1.515,2.061,1.953,0.75,33843.92,14448.58,4048.08,15260.69,29452.66,3086.7,24575.64,3568.17,106.41,9739652.6,107.1,104.3,109.2,119.45,128.96,117.31,105.57,125.8,75.03,1256,1756.9,17947,2975.75,536.75,725.5,8945,2842.25,107.8,0.97,0.046,0.965,1.487,2.045,-0.2,1.02,0.072,0.13,-0.545,0.082,3,2.7,4.8,114.6,90.1,98.2,3068.82
202,4621.4,1182.82,1044.91,1372.24,469207742,112.43,103.35,116.93,130.92,98.14,98.579,86,90,84,1.842,2.399,2.302,0.75,35819.56,15498.39,4250.56,15688.77,28892.69,3198.17,25377.24,3547.34,104.44,9326308.8,107,104.8,108.1,119.66,129.86,117.88,105.36,126.84,83.57,1235.75,1783.38,19556,3447.25,568.25,772.75,9809,2704.75,114.85,1.11,0.056,1.183,1.552,1.933,-0.11,1.03,0.099,0.132,-0.553,0.228,3.2,2.7,4.5,115.6,92.2,99.4,2970.68
203,5902.1,1182.91,1036.36,1350.43,463907617,113.23,103.87,115.84,129.63,99.224,99.301,86,90,83,1.953,2.355,2.492,1,34483.72,15537.69,4063.06,15100.13,27821.76,3041.29,23475.26,3563.89,110.79,10622342.1,107,105.3,122.2,120.26,130.37,118.1,105.57,127.47,66.18,1217.25,1774.52,20005,3288.75,567,773.75,9516,2634.75,111.65,1.34,0.094,1.16,1.444,1.791,-0.35,0.81,0.057,0.173,-0.573,0.094,3.1,2.8,4.2,117,97.1,100.3,2839.01
204,6313.2,1183.7,1039.51,1338.19,463118362,113.21,104.04,114.43,127.04,99.72,99.728,87,95,82,1.8,2.187,2.41,1,36338.3,15644.97,4298.41,15884.86,28791.71,3123.68,23397.67,3639.78,111.48,11588114.4,107.2,106.2,141.4,120.45,129.99,118.33,105.57,127.86,76.99,1328.75,1829.2,20881,3590,593.25,770.75,9741,2806,112.6,1.41,0.178,1.263,1.51,1.903,-0.18,0.97,0.071,0.209,-0.572,0.262,3.6,2.7,3.9,121.9,97,100,2977.65
205,6527.8,1194.01,1039.55,1353.2,461526656,114.4,104.69,115.8,132.67,100,100,86,90,83,2.06,2.492,2.632,1.25,35131.86,14239.88,4174.6,15471.2,27001.98,3249.59,23802.26,3361.44,103.28,10794012.8,107.6,107,117.8,121.21,130.63,118.9,105.78,128.93,88.15,1490.5,1797.17,22836,3606,626,761.25,9578,3049.5,127.57,1.51,0.455,1.609,1.777,2.108,0.01,1.3,0.178,0.309,-0.552,0.637,3.3,2.7,4,122.8,94.9,100.1,2663.34
206,6374.3,1198.34,1039.85,1359.89,461766293,114.95,105.3,118.32,138.73,100.207,100.217,85,91,81,2.285,2.69,2.873,1.25,33892.6,13751.4,3924.23,14461.02,26526.82,3242.24,22713.02,3462.31,103.65,9218144.1,107.7,107.5,106.4,121.91,131.4,119.8,106.2,130.11,95.72,1644.25,1908.99,24661,3687.75,697.5,928,9919,3388,122.57,1.46,0.62,1.718,1.825,2.161,0.14,1.41,0.192,0.504,-0.533,0.878,2.8,2.7,3.8,120.3,97.1,100.8,2699.18
207,7126.1,1221.03,1028.59,1345.33,457810337,116.7,106.06,125.6,149.23,100.306,100.33,83,84,81,2.369,2.784,3.028,1.25,34678.35,14220.52,3902.52,14414.75,27821.43,3408.52,21996.85,3252.2,103.64,10928215.9,107.7,107.7,125.3,122.79,131.4,122.17,106.63,131.85,100.28,1618.25,1937.43,32093,4232.5,748.75,1006,10368,3480.61,135.69,1.55,1.009,2.46,2.338,2.448,0.55,1.61,0.22,0.962,-0.458,1.035,2.8,2.6,3.6,122.9,96.7,101.6,2757.65
208,5887.9,1232.34,977.38,1334.08,449297713,118.59,106.85,127.45,148.38,100.517,100.548,86,87,85,2.941,3.219,3.631,1.5,32977.21,12334.64,3802.86,14097.88,26847.9,3356.9,21089.39,3047.06,104.68,11127400.8,108,107.6,119.3,123.71,131.91,122.96,107.05,132.59,104.69,1708.25,1896.92,31722,4151.25,818.25,1043.75,9771,3032.5,152.33,1.66,1.396,2.955,2.934,2.997,0.94,1.91,0.23,1.335,-0.429,1.231,2.8,2.6,3.6,119,95.4,101.9,2695.05
209,3861.4,1269.88,985.49,1342.43,447711119,119.43,107.56,131.32,154,100.768,100.789,86,86,86,3.019,3.295,3.775,1.75,32990.12,12081.39,3789.21,14388.35,27279.8,3232.49,21415.2,3186.43,103.2,11176379.6,108.5,107.8,131.1,124.53,131.65,124.09,107.37,134.05,114.67,1683.25,1837.36,28344,3939,753.5,1087.5,9446,2757.75,138.98,1.94,1.555,2.817,2.844,3.045,1.12,2.1,0.243,1.611,-0.338,1.425,2.9,2.6,3.6,118.6,88.7,101.9,2685.9
210,2073.9,1277.35,951.34,1348.96,438278346,120.1,108.22,132.61,154.87,100.869,100.928,82,83,82,3.477,3.64,4.233,1.75,30775.43,11028.74,3454.86,12783.77,26393.04,3102.21,21859.79,3398.62,84.61,10658938.6,108.9,108,135.1,125.29,131.65,124.09,107.37,135.89,105.76,1675,1807.27,22643,3182.75,743.75,868.75,8254,2426,103.94,2.27,2.458,3.038,3.013,3.183,1.34,2.23,0.231,2.285,-0.195,1.669,2.9,2.6,3.6,120.3,96.5,101.8,2332.64
211,-460,1307.4,955.93,1332.91,438605367,120.44,108.74,129.35,150.78,100.869,100.965,80,80,80,3.238,3.3,4.126,2.25,32845.13,12390.69,3708.1,13484.05,27801.64,3211.56,20156.51,3253.24,91.38,10735644.3,109,108.5,126.3,125.9,132.29,124.66,107.89,135.87,98.62,1637,1765.94,23579,3412.26,616.25,807.75,7931,2504.24,103.13,2.65,2.837,2.676,2.649,3.01,0.82,1.86,0.185,2.788,0.232,1.936,2.9,2.6,3.5,118.6,97.2,102.2,2451.5
212,-1852.6,1318.44,975.17,1334.53,436432145,119.98,108.62,127.64,149.46,100.728,100.876,81,80,82,3.247,3.322,4.227,2.5,31510.43,11816.2,3517.25,12834.96,28091.53,3221.67,19954.39,3202.14,97.92,11083175.9,109.1,109.1,129.2,125.76,132.17,125.11,108.31,135.82,89.55,1507.5,1711.04,21323,3531.5,673.75,809,7846,2369.25,118.29,2.87,3.332,3.351,3.193,3.293,1.54,2.8,0.226,3.1,0.654,2.534,2.6,2.5,3.7,116,99.7,102.3,2472.05
213,-468.8,1391.59,973.2,1377.09,416766652,120.06,108.93,131.24,154.51,100.568,100.773,78,74,81,3.903,3.897,4.9,2.5,28725.51,10575.62,3318.2,12114.36,25937.21,3130.24,17222.83,3024.39,86.14,10410008.6,109.3,109.3,122.3,126.12,132.55,127.37,108.74,136.12,79.49,1364.75,1660.62,21012,3014.25,677.5,921.5,7683,2154.75,93.22,3.18,3.903,4.09,3.829,3.776,2.11,4.09,0.244,3.755,1.173,3.344,2.8,2.6,3.5,114.6,98.4,102.6,2155.49
214,-931.3,1426.66,969.36,1404.83,414005699,120.68,109.21,132.74,156.3,100.014,100.264,76,72,79,4.235,4.267,5.436,3,32732.95,10988.15,3617.54,13253.74,27587.46,3093.11,14687.02,2893.48,80.15,9918059.3,109.5,109.3,126.1,126.44,132.68,128.28,109.37,136.67,86.53,1407,1633.56,21705,2735.5,691.5,882.25,7522,2216.75,72,3.89,4.536,4.228,4.048,4.164,2.14,3.52,0.248,4.46,1.704,3.363,2.8,2.6,3.7,110.3,95.3,102.5,2293.61
215,-591.2,1364.1,956.51,1388.29,416104905,120.29,109.1,125.51,147.72,98.909,98.829,75,74,76,3.895,3.915,5.487,3.25,34589.77,11468,3964.72,14397.04,27968.99,3290.49,18597.23,3151.34,88.53,11328163.7,109.6,108.9,135.3,126.31,132.42,128.5,109.58,136.53,80.55,1469.5,1768.53,26892,3050.25,662,771.5,8227,2447.5,86.05,4.08,4.65,3.737,3.605,3.736,1.93,3.16,0.253,4.779,1.973,3.683,2.8,2.5,3.6,109.9,96,102.2,2472.53
216,2283,1296.22,959.12,1371.13,423163664,119.79,109.28,117.83,138.11,97.894,97.279,74,71,76,3.63,3.541,5.302,3.25,33147.25,10466.48,3793.62,13923.59,26094.5,3251.32,19781.41,3089.26,83.39,12131558.9,109.4,108.4,145.9,126.52,132.29,127.94,109.79,136.11,80.26,1519.25,1824.02,29886,3003.25,678.5,792,8365,2349.51,83.37,4.04,4.753,4.004,3.875,3.963,2.57,3.67,0.422,4.767,2.132,3.874,3.1,2.5,3.5,106.5,96,100.6,2236.4
217,594.3,1247.25,956.76,1342.37,429967671,120.25,110.1,114.37,135.2,96.612,95.35,69,66,71,3.46,3.411,4.704,3.5,34086.04,11584.55,4163.45,15128.27,27327.11,3365.67,21842.33,3255.67,93.79,10963234.5,109.4,108.2,109.1,127.47,133.32,129.18,110.42,137.2,78.87,1538,1928.36,30153,3418.76,679.75,761.25,9200,2613,86.22,3.54,4.796,3.617,3.507,3.632,2.29,3.33,0.496,4.814,2.512,4.125,2.9,2.4,3.4,108.5,91.3,101.6,2425.08
218,657.7,1270.74,956.68,1361.65,425286150,120.46,110.38,115.25,137.82,95.848,93.967,69,63,73,3.47,3.45,4.274,3.5,32656.7,11455.54,4238.38,15365.14,27445.56,3262.63,19785.94,3279.61,97.48,10973942.7,109.3,108.8,110.8,127.8,132.68,130.2,109.69,137.96,77.05,1490.5,1826.92,24591,3030.5,629.5,691.5,8951,2327.63,84.19,3.64,5.119,4.182,3.92,3.916,2.65,3.83,0.505,4.971,2.744,4.325,2.6,2.6,3.6,105.3,95.4,101.6,2412.85
219,1567.7,1305.73,977.31,1398.5,426069328,120.59,110.56,117.79,138.87,95.054,93.094,72,70,74,3.461,3.448,4.184,3.5,33274.15,12221.91,4315.05,15628.84,28041.48,3258.9,20400.11,3272.86,94.17,12041467.9,109.3,109.6,127.6,128,132.29,131.21,110.11,138.42,75.67,1505.5,1969.28,23651,2947.25,660.5,692.25,9004,2376.75,82.78,3.5,4.857,3.573,3.468,3.65,2.29,3.49,0.351,5.193,3.038,4.418,2.7,2.8,3.5,110.9,95.6,101.7,2476.86